412;1646246995.2906706;207.59008073806763;1;1;146;178;88592.23300970874;108009.70873786407;1;1;0.004817185852255518;606.7961165048544;7;14374;3078;0.001648;1
910;1646247246.15061;458.45002007484436;1;1;343;391;94230.76923076923;107417.58241758242;1;2;0.004362525711469027;549.4505494505495;9;3080;13340;0.00364;1
913;1646247247.7210531;460.0204632282257;1;1;345;393;94468.78422782038;107612.26725082147;1;3;0.006521449021957177;821.4676889375685;5;8727;4874;0.003652;0
1507;1646247536.3666427;748.6660528182983;1;1;578;650;95885.86595885866;107830.12607830125;1;4;0.005342836081510967;663.5700066357001;8;13347;8466;0.0060279999999999995;0
1508;1646247536.4055374;748.7049474716187;1;1;579;651;95988.06366047745;107924.40318302387;1;5;0.006678198156543551;828.9124668435013;6;6160;10005;0.006032;1
3560;1646248562.8608468;1775.1602568626404;1;1;1353;1533;95014.04494382022;107654.49438202247;1;6;0.0033799765270794207;421.3483146067416;6;5390;3591;0.01424;1
3618;1646248591.153522;1803.4529321193695;1;1;1379;1555;95287.45163073522;107448.86677722499;1;7;0.0038814431335193137;483.6926478717524;6;6160;5387;0.014471999999999999;1
4199;1646248873.2367678;2085.5361778736115;1;1;1603;1806;95439.3903310312;107525.60133365086;1;8;0.0038359440056114046;476.3038818766373;10;6673;13597;0.016796;0
4201;1646248874.4134552;2086.7128653526306;1;1;1604;1807;95453.4634610807;107533.92049512021;1;9;0.004313003551870613;535.586765055939;7;6416;4104;0.016804;0
4286;1646248919.5538292;2131.853239297867;1;1;1633;1843;95251.98320111993;107501.16658889408;1;10;0.004690754417641589;583.2944470368642;12;5390;12571;0.017144;1
4370;1646248965.8444402;2178.143850326538;1;1;1666;1874;95308.92448512586;107208.23798627002;1;11;0.005050171501919365;629.2906178489703;6;12063;2565;0.01748;1
4803;1646249177.0975616;2389.3969717025757;1;1;1831;2065;95305.01769727253;107484.90526754112;1;12;0.005022187665806467;624.6096189881324;8;3080;13853;0.019212;0
5095;1646249329.9203734;2542.2197835445404;1;1;1936;2191;94995.09322865555;107507.36015701668;1;13;0.005113641268999367;637.8802747791954;5;2566;1026;0.02038;0
5206;1646249384.8108537;2597.110263824463;1;1;1980;2237;95082.59700345754;107424.12600845179;1;14;0.005390606704308282;672.3011909335382;3;5646;5131;0.020824;1
5487;1646249528.3832765;2740.6826865673065;1;1;2072;2362;94404.95717149627;107618.00619646437;1;15;0.005473088903548859;683.433570256971;11;2053;3591;0.021948;0
5741;1646249645.6232314;2857.922641515732;1;1;2173;2474;94626.37171224525;107733.84427800035;1;16;0.005598472039647028;696.7427277477792;7;11293;4617;0.022964;0
6009;1646249793.8749847;3006.1743948459625;1;1;2272;2586;94524.8793476452;107588.61707438841;1;17;0.005655027875011585;707.2724246962889;5;5903;8722;0.024036;0
6070;1646249822.094177;3034.3935871124268;1;1;2295;2616;94522.24052718286;107742.99835255354;1;18;0.005931992499736681;741.3509060955519;13;5646;12314;0.02428;1
6133;1646249852.1437662;3064.4431762695312;1;1;2317;2645;94448.06782977335;107818.3596934616;1;19;0.00620014759847153;774.4986140551117;12;1283;6926;0.024531999999999998;0
6283;1646249923.1522734;3135.4516835212708;1;1;2378;2711;94620.40426547827;107870.44405538755;1;20;0.006378666303522493;795.798185580137;9;5646;13597;0.025131999999999998;0
6543;1646250054.7982085;3267.0976185798645;1;1;2469;2827;94337.45988078864;108016.20051963931;1;21;0.006427723457228143;802.3842274186154;8;7957;7183;0.026171999999999997;0
6666;1646250110.472055;3322.771465063095;1;1;2523;2881;94621.96219621963;108048.30483048304;1;22;0.006620978972317691;825.0825082508251;1;9240;1282;0.026664;1
6975;1646250255.0618396;3467.3612496852875;1;1;2642;3021;94695.34050179212;108279.56989247311;1;23;0.006633286336140366;824.3727598566309;10;14887;5644;0.027899999999999998;0
6998;1646250269.4338048;3481.733214855194;1;1;2649;3031;94634.18119462703;108280.93741068877;1;24;0.006893118604722896;857.3878250928836;9;2566;1282;0.027992;1
7062;1646250303.0169375;3515.3163475990295;1;1;2671;3058;94555.36675162843;108255.45171339564;1;25;0.007111735482092548;885.0184083828944;5;6416;16162;0.028248;1
7219;1646250372.5007002;3584.8001103401184;1;1;2734;3131;94680.70369857321;108429.1453109849;1;26;0.007252845123778233;900.4017176894307;12;14630;7696;0.028876;0
7933;1646250724.7697892;3937.069199323654;1;1;3003;3445;94636.32925753183;108565.4859447876;1;27;0.006857893177147688;850.876087230556;4;2310;3335;0.031731999999999996;0
8074;1646250786.8550208;3999.1544308662415;1;1;3058;3504;94686.6485013624;108496.40822392867;1;28;0.007001480058857099;866.9804310131286;6;9497;4361;0.032296;1
8129;1646250814.7171557;4027.016565799713;1;1;3081;3527;94753.35219584205;108469.67646697011;1;29;0.007201360989246633;891.8686185262641;9;10523;5644;0.032515999999999996;0
8241;1646250865.5110369;4077.8104469776154;1;1;3123;3580;94739.71605387695;108603.32483921853;1;30;0.007356889289014242;910.0837277029486;6;13860;13853;0.032964;0
8915;1646251197.1649997;4409.464409828186;1;1;3381;3870;94812.11441390915;108524.95793606281;1;31;0.007030332285005995;869.3213684800899;8;13860;3078;0.03566;0
9076;1646251276.343681;4488.643091201782;1;1;3440;3941;94755.39885412075;108555.53107095636;1;32;0.007129103238955087;881.4455707360072;5;10523;9492;0.036303999999999996;1
9106;1646251291.549733;4503.849143028259;1;1;3452;3952;94772.67735558972;108499.89018229739;1;33;0.00732706601664987;905.9960465627059;9;9240;1795;0.036424;1
9531;1646251513.3023865;4725.601796627045;1;1;3600;4140;94428.70632672332;108593.01227573182;1;34;0.007194850828156513;891.8266708634981;8;1540;5387;0.038124;0
9651;1646251570.1958394;4782.495249509811;1;1;3650;4192;94549.78758677858;108589.78344213036;1;35;0.007318355413648842;906.6417987773287;2;5646;4617;0.038604;0
10033;1646251762.2175527;4974.516962766647;1;1;3790;4359;94438.35343366889;108616.5653343965;1;36;0.007236883554615139;897.0397687630818;6;10010;1282;0.040132;0
10157;1646251821.9888234;5034.2882335186005;1;1;3836;4418;94417.64300482426;108742.73899773555;1;37;0.007349599046326296;910.7019789307867;11;10780;7440;0.040628;0
10568;1646252021.6768117;5233.9762217998505;1;1;4002;4594;94672.59651778956;108677.13853141559;1;38;0.007260254611346444;898.9401968205905;8;13347;8209;0.042272;1
10609;1646252040.4804351;5252.779845237732;1;1;4020;4611;94730.88886794231;108657.74342539354;1;39;0.007424640123716231;919.0310114054105;8;5646;11801;0.042436;0
10875;1646252169.6274753;5381.92688536644;1;1;4117;4727;94643.67816091955;108666.66666666667;1;40;0.007432282313005915;919.5402298850576;10;14887;7440;0.0435;0
11251;1646252367.4960566;5579.795466661453;1;1;4257;4893;94591.59185850147;108723.66900719937;1;41;0.007347939587565463;911.030130655053;4;5390;7953;0.045003999999999995;0
11266;1646252378.5176766;5590.817086696625;1;1;4261;4901;94554.41150363926;108756.43529202911;1;42;0.0075123187449539705;932.0078111130836;6;11550;6157;0.045064;1
11321;1646252407.8534555;5620.15286564827;1;1;4281;4925;94536.70170479639;108758.06024202809;1;43;0.0076510374411390795;949.5627594735448;9;3593;8209;0.045284;0
11435;1646252463.877861;5676.177271127701;1;1;4324;4974;94534.32444250109;108745.08089199825;1;44;0.007751695885857773;961.9588981198077;5;14887;8209;0.045739999999999996;0
11483;1646252488.5041318;5700.803541898727;1;1;4341;4998;94509.27457981363;108813.02795436732;1;45;0.007893624060058762;979.7091352434032;8;4106;16932;0.045932;0
11497;1646252494.5904307;5706.889840841293;1;1;4347;5005;94524.65860659303;108832.73897538488;1;46;0.008060432439189821;1000.260937635905;7;6673;12827;0.045988;0
11782;1646252643.8820617;5856.181471824646;1;1;4458;5124;94593.44763198099;108725.17399422849;1;47;0.00802570757517115;997.2839925309795;3;1026;1282;0.047127999999999996;1
12747;1646253132.8613596;6345.160769701004;1;1;4825;5543;94630.10904526555;108711.85376951439;1;48;0.007564820142809691;941.3979759943517;4;8470;2822;0.050988;0
13933;1646253728.5466223;6940.846032381058;1;1;5260;6058;94380.2483312998;108698.77269791144;1;49;0.00705965811248381;879.2076365463289;9;16684;12571;0.055732;0
14424;1646253971.0388958;7183.338305950165;1;1;5455;6275;94547.28230726566;108759.70604547976;1;50;0.006960552026149676;866.6112035496395;6;10010;4361;0.057696;1
15098;1646254312.979265;7525.278675079346;1;1;5715;6566;94631.73930321897;108723.00967015499;1;51;0.006777157657814215;844.4827129421116;7;6416;7953;0.060391999999999994;1
15333;1646254420.7441733;7633.043583393097;1;1;5809;6673;94714.01552207657;108801.27828865845;1;52;0.006812485666023746;847.8445183590948;7;14630;10005;0.061332;0
15350;1646254429.0252151;7641.324625253677;1;1;5815;6682;94706.84039087947;108827.36156351792;1;53;0.0069359702144888916;863.1921824104235;9;9497;5131;0.061399999999999996;1
15807;1646254670.5495327;7882.848942756653;1;1;5993;6873;94783.95647497944;108701.84095653825;1;54;0.006850315208642836;854.0520022774721;2;5646;5131;0.06322799999999999;0
15813;1646254672.9861856;7885.285595655441;1;1;5995;6877;94779.61171188262;108723.83481945234;1;55;0.0069750168630928686;869.5377221273635;8;1540;3848;0.063252;0
15991;1646254754.706606;7967.0060160160065;1;1;6068;6957;94865.86204740166;108764.30492151836;1;56;0.007028989295027977;875.4924645112877;17;1026;2052;0.063964;0
16005;1646254762.2817852;7974.581195354462;1;1;6073;6963;94860.98094345517;108762.88659793814;1;57;0.007147710783007008;890.3467666354265;12;15400;7953;0.06402;0
16096;1646254812.596173;8024.895583152771;1;1;6107;6999;94852.75844930418;108707.13220675944;1;58;0.007227508370546714;900.8449304174951;10;6930;5644;0.064384;1
16178;1646254850.1104918;8062.409901857376;1;1;6142;7034;94912.84460378291;108696.99592038571;1;59;0.007317911234754746;911.7319817035482;5;14887;8466;0.06471199999999999;1
16614;1646255067.3662744;8279.665684461594;1;1;6300;7225;94799.56663055255;108718.55061995907;1;60;0.007246669405094664;902.8530155290719;10;6416;1026;0.066456;1
16971;1646255245.926676;8458.226086139679;1;1;6433;7382;94764.59843262035;108744.32856048553;1;61;0.007211914103355483;898.5917152790054;10;3850;14623;0.067884;0
17056;1646255296.1722412;8508.471651315689;1;1;6466;7413;94776.03189493433;108656.77767354596;1;62;0.0072868550946412055;908.7711069418388;6;5133;3591;0.06822399999999999;1
17667;1646255604.5939436;8816.893353700638;1;1;6685;7673;94597.27174958964;108578.14003509367;1;63;0.007145373939853493;891.492613346918;6;8213;3078;0.070668;0
17901;1646255719.121843;8931.421253204346;1;1;6779;7775;94673.48192838389;108583.3193676331;1;64;0.007165712845202389;893.8048153734428;9;5903;9235;0.071604;0
17950;1646255742.1744268;8954.473836898804;1;1;6801;7798;94721.44846796658;108607.24233983287;1;65;0.0072589413050886085;905.292479108635;11;11293;10262;0.0718;1
18215;1646255877.6293535;9089.928763628006;1;1;6901;7911;94715.89349437277;108578.09497666758;1;66;0.007260782973799438;905.8468295360967;9;8470;13084;0.07286;0
18257;1646255897.9231837;9110.222593784332;1;1;6916;7927;94703.401435066;108547.40647422906;1;67;0.007354375736736922;917.456318124555;9;13860;10775;0.073028;0
18412;1646255972.8292167;9185.128626823425;1;1;6973;7996;94680.09993482512;108570.49750162938;1;68;0.007403271392565903;923.3108842059528;6;3080;11544;0.07364799999999999;1
19000;1646256262.3957663;9474.695176362991;1;1;7197;8248;94697.36842105263;108526.31578947368;1;69;0.007282556189473815;907.8947368421053;5;13347;9235;0.076;1
19108;1646256315.2533472;9527.552757263184;1;1;7238;8299;94698.55557881515;108580.17584257902;1;70;0.0073471122945644755;915.8467657525644;6;6673;3848;0.076432;1
19595;1646256553.2082198;9765.507629871368;1;1;7420;8510;94667.00688951263;108573.61571829548;1;71;0.007270487381815216;905.8433273794336;9;8727;3848;0.07837999999999999;0
19615;1646256563.1412747;9775.44068479538;1;1;7427;8520;94659.69920978842;108590.36451695132;1;72;0.00736539684722225;917.6650522559265;-1;6416;3848;0.07846;0
19684;1646256597.5194404;9809.818850517273;1;1;7453;8549;94658.09794757163;108578.03292013818;1;73;0.007441523754146663;927.1489534647429;12;15144;10518;0.078736;1
19997;1646256760.9241164;9973.223526477814;1;1;7569;8685;94626.69400410062;108578.78681802271;1;74;0.007419867789339938;925.1387708156225;6;5133;9235;0.07998799999999999;0
20350;1646256944.802638;10157.102048158646;1;1;7693;8830;94508.59950859951;108476.65847665847;1;75;0.007383995911865093;921.3759213759214;9;16684;7440;0.0814;1
20404;1646256972.6505558;10184.949965953827;1;1;7714;8852;94515.78121936876;108459.12566163497;1;76;0.007461990510906015;931.1899627524016;2;10010;1026;0.081616;1
20504;1646257022.1228836;10234.422293663025;1;1;7752;8896;94518.14280140461;108466.64065548185;1;77;0.007523629354993203;938.8412017167383;5;5903;4361;0.08201599999999999;1
20585;1646257063.835128;10276.134538173676;1;1;7784;8927;94534.85547728928;108416.3225649745;1;78;0.007590402763825875;947.2917172698567;5;1540;3591;0.08234;0
20601;1646257070.7962813;10283.09569144249;1;1;7792;8936;94558.51657686521;108441.33779913596;1;79;0.007682511411981041;958.6913256638028;7;6673;769;0.08240399999999999;0
20889;1646257218.412733;10430.712143182755;1;1;7890;9064;94427.68921441908;108478.14639283833;1;80;0.007669658495205041;957.4417157355547;6;4363;6670;0.08355599999999999;0
21255;1646257385.8149815;10598.114391565323;1;1;8031;9220;94460.12702893437;108445.07174782404;1;81;0.0076428690054964055;952.7170077628793;10;12063;11288;0.08502;0
21298;1646257404.4296927;10616.72910284996;1;1;8052;9239;94515.91698751056;108449.15015494413;1;82;0.0077236594440360995;962.5316931167247;4;1796;11288;0.08519199999999999;1
21424;1646257470.6603343;10682.95974445343;1;1;8100;9294;94520.1643017177;108453.13666915608;1;83;0.007769382454435759;968.5399551904407;9;6416;3848;0.085696;1
22245;1646257878.454293;11090.75370311737;1;1;8413;9655;94549.3369296471;108507.52978197348;1;84;0.007573876604652164;944.0323668240055;15;10780;769;0.08897999999999999;0
22267;1646257890.9084208;11103.207830905914;1;1;8420;9666;94534.51295639286;108523.8244936453;1;85;0.00765544528162406;954.3270310324697;13;2566;1282;0.089068;0
22564;1646258039.6707802;11251.970190286636;1;1;8534;9799;94553.27069668498;108568.95940436092;1;86;0.00764310592239573;952.8452402056374;9;11807;12314;0.09025599999999999;1
23383;1646258446.5019178;11658.801327943802;1;1;8837;10137;94481.03322926913;108380.01967241158;1;87;0.007462173644856482;930.1629388872259;9;9753;15136;0.09353199999999999;0
23451;1646258481.1224365;11693.421846628189;1;1;8863;10169;94484.24374227112;108406.89096413799;1;88;0.007525598678831115;938.12630591446;9;2823;9235;0.093804;0
23599;1646258556.1354825;11768.434892654419;1;1;8919;10234;94484.9358023645;108415.61083096742;1;89;0.007562602912945689;942.8365608712235;5;9753;3335;0.094396;0
23642;1646258576.0245428;11788.323952913284;1;1;8938;10256;94514.00050757127;108451.06166990948;1;90;0.007634673118883709;951.6961339988156;8;3850;10518;0.094568;1
23717;1646258611.3669376;11823.66634774208;1;1;8969;10292;94541.88978369946;108487.5827465531;1;91;0.007696428275598111;959.227558291521;8;7443;9492;0.094868;0
23725;1646258615.2725508;11827.571960926056;1;1;8973;10295;94552.16016859852;108482.61327713383;1;92;0.007778435024866822;969.4415173867229;6;7957;3335;0.0949;0
24941;1646259220.4543307;12432.753740787506;1;1;9425;10830;94472.95617657671;108556.19261457039;1;93;0.007480241460497975;932.1999919810754;10;3593;3078;0.09976399999999999;0
25113;1646259306.911709;12519.211119174957;1;1;9491;10906;94482.93712419862;108569.26691355075;1;94;0.007508460325908683;935.7703181619082;5;7187;10518;0.100452;0
25321;1646259403.4548652;12615.75427532196;1;1;9573;10993;94516.40930452984;108536.3927175072;1;95;0.007530267150639754;937.9566367836974;5;5133;4874;0.101284;0
25627;1646259548.901636;12761.20104598999;1;1;9687;11126;94499.941467983;108537.87021500761;1;96;0.007522802881486341;936.5122722129005;11;5903;4617;0.102508;0
25883;1646259681.38232;12893.681730031967;1;1;9779;11235;94453.88865278369;108517.17343430051;1;97;0.007523064554483889;936.9083954719314;12;1283;3848;0.103532;0
25941;1646259712.689902;12924.989312171936;1;1;9799;11262;94435.44967426082;108534.751937088;1;98;0.007582211298829455;944.4508692802899;9;6160;6157;0.103764;0
26179;1646259840.1663454;13052.465755462646;1;1;9880;11371;94350.43355361167;108588.94533786623;1;99;0.007584773777978851;945.4142633408458;10;12577;5644;0.10471599999999999;0
26315;1646259910.2554936;13122.554903745651;1;1;9928;11436;94318.82956488695;108645.25935778073;1;100;0.007620467259120127;950.0285008550258;6;10523;3591;0.10525999999999999;0
26583;1646260037.4894087;13249.788818836212;1;1;10034;11552;94364.81962156265;108640.86070044765;1;101;0.007622763002563182;949.8551705977504;8;8983;17189;0.106332;0
26704;1646260109.2007828;13321.50019288063;1;1;10074;11607;94311.71360095865;108663.49610545237;1;102;0.007656795295060804;954.9131216297185;15;11807;7183;0.106816;1
26741;1646260127.6291358;13339.928545951843;1;1;10088;11624;94312.10500729218;108672.07658651509;1;103;0.007721180787827874;962.9408025129951;9;12833;15906;0.10696399999999999;0
27086;1646260301.7652013;13514.064611434937;1;1;10219;11772;94319.9438824485;108653.91715277264;1;104;0.007695686160328131;959.9054862290483;5;9240;9492;0.108344;1
27484;1646260499.9121804;13712.211590528488;1;1;10369;11947;94318.51258914277;108672.31843981953;1;105;0.00765740809254484;955.1011497598604;9;14887;2052;0.10993599999999999;1
27699;1646260613.5386353;13825.838045358658;1;1;10443;12038;94254.30520957435;108650.13177371024;1;106;0.007666804692217863;956.7132387450811;14;7187;1026;0.11079599999999999;0
28012;1646260768.3225462;13980.62195634842;1;1;10559;12167;94236.39868627732;108587.39111809224;1;107;0.007653450635750342;954.9478794802228;8;1796;1539;0.112048;1
28022;1646260770.9109738;13983.21038389206;1;1;10565;12172;94256.29862251089;108593.2481621583;1;108;0.00772354824357148;963.528656055956;3;770;10775;0.112088;1
28027;1646260773.3418097;13985.641219854355;1;1;10567;12175;94257.32329539373;108600.63510186606;1;109;0.0077937077239805756;972.2767331501766;7;13604;2052;0.112108;0
28690;1646261105.263773;14317.56318306923;1;1;10824;12460;94318.57790170792;108574.41617288254;1;110;0.007682871630702978;958.5221331474381;7;3593;4874;0.11476;1
29049;1646261277.6994722;14489.998882293701;1;1;10957;12623;94297.56618127991;108635.40913628697;1;111;0.007660456077442375;955.282453784984;4;1540;2565;0.116196;0
29167;1646261332.9629066;14545.262316703796;1;1;11003;12674;94310.3507388487;108633.04419378065;1;112;0.007700101762439793;959.9890286968149;1;8727;2822;0.116668;0
29525;1646261512.7723186;14725.07172870636;1;1;11142;12830;94343.77646062658;108636.74851820491;1;113;0.007673986387428442;956.8162574089755;7;10010;15906;0.1181;0
29575;1646261537.8970177;14750.196427822113;1;1;11161;12852;94344.88588334742;108639.05325443787;1;114;0.007728710634996761;963.6517328825022;5;1540;8209;0.11829999999999999;0
29763;1646261630.8243883;14843.123798370361;1;1;11232;12934;94345.32809192622;108641.6019890468;1;115;0.007747695266991301;965.9644525081478;10;3850;10775;0.11905199999999999;0
29957;1646261728.4483745;14940.747784614563;1;1;11303;13020;94326.8685115332;108655.73989384784;1;116;0.007764002289058956;968.0542110358181;15;770;4874;0.11982799999999999;0
31359;1646262450.210863;15662.510273218155;1;1;11824;13621;94263.20992378583;108589.24072833956;1;117;0.007470066927908879;932.746579929207;9;5903;8722;0.125436;0
31428;1646262485.9545028;15698.25391292572;1;1;11850;13650;94263.0775105002;108581.5196639939;1;118;0.007516759548833674;938.6534300623648;6;6160;11544;0.125712;1
31463;1646262506.0989988;15718.39840888977;1;1;11862;13664;94253.56768267488;108571.97342910721;1;119;0.0075707458803625826;945.5550964625115;9;12320;8209;0.125852;0
31586;1646262566.7156649;15779.015074968338;1;1;11905;13719;94226.87266510479;108584.49946178687;1;120;0.007605037413923682;949.7878807066423;9;3850;13853;0.12634399999999998;1
31636;1646262595.9927397;15808.29214978218;1;1;11924;13739;94228.09457579973;108570.93184979138;1;121;0.007654210768218073;956.1891515994438;6;2310;8979;0.126544;1
32377;1646262958.0747857;16170.374195814133;1;1;12200;14073;94202.67473824011;108665.10176977485;1;122;0.007544661522525617;942.0267473824013;5;11807;11544;0.12950799999999998;0
32619;1646263091.1625516;16303.461961746216;1;1;12283;14173;94139.9184524357;108625.34105889205;1;123;0.007544409910520982;942.7021061344617;4;7443;12314;0.13047599999999998;0
32823;1646263195.9544866;16408.253896713257;1;1;12362;14262;94156.53657496268;108628.09615208847;1;124;0.007557172187885177;944.459677665052;6;7443;14880;0.131292;0
33000;1646263290.1476278;16502.447037935257;1;1;12424;14338;94121.21212121213;108621.21212121213;1;125;0.007574634217134847;946.9696969696969;7;1796;8722;0.132;1
33010;1646263293.5847712;16505.884181261063;1;1;12428;14343;94122.99303241442;108626.173886701;1;126;0.007633641349734316;954.2562859739473;11;1540;16676;0.13204;1
33017;1646263298.9576163;16511.257026433945;1;1;12430;14346;94118.18154284157;108625.85940576067;1;127;0.007691722065538526;961.6258291183331;7;16170;13084;0.132068;0
33272;1646263431.4301298;16643.729539871216;1;1;12520;14456;94073.09449386872;108619.86054339986;1;128;0.0076905839940121035;961.769656167348;246;13090;16676;0.13308799999999998;1
33447;1646263522.6634645;16734.962874650955;1;1;12582;14528;94044.3089066284;108589.7090919963;1;129;0.007708412678668137;964.212036953987;11;8470;15649;0.133788;0
33775;1646263698.1340728;16910.43348288536;1;1;12694;14671;93960.029607698;108593.63434492968;1;130;0.007687561654263319;962.2501850481125;13;1026;7696;0.1351;0
33837;1646263729.9900813;16942.289491415024;1;1;12719;14696;93972.57440080386;108579.36578301858;1;131;0.007732130894492162;967.875402665721;6;5903;4874;0.135348;0
33914;1646263769.9934268;16982.292836904526;1;1;12747;14731;93965.61891844076;108590.84743763637;1;132;0.0077728020160592465;973.0494780916436;5;4876;6157;0.135656;1
34247;1646263937.3222075;17149.62161755562;1;1;12873;14879;93971.7347504891;108615.35316962069;1;133;0.007755273146309618;970.8879609892838;13;1026;12058;0.136988;0
34372;1646263998.1078117;17210.40722179413;1;1;12918;14936;93957.29081810777;108634.93541254509;1;134;0.007785986599451941;974.6305132084254;10;2566;3335;0.137488;1
34651;1646264139.04665;17351.346060037613;1;1;13026;15056;93979.97171798794;108626.01367925889;1;135;0.007780376204410008;973.9978644194972;6;13604;10262;0.138604;0
35077;1646264345.4675333;17557.766943454742;1;1;13187;15247;93986.08774980757;108668.07309633093;1;136;0.007745859734782426;969.2961199646493;8;6160;5644;0.140308;0
35396;1646264514.6251051;17726.924515247345;1;1;13294;15385;93894.79037179342;108663.40829472257;1;137;0.007728356934230925;967.6234602779977;8;8727;6413;0.141584;1
35447;1646264543.3235102;17755.622920274734;1;1;13316;15407;93914.85880328377;108662.22811521427;1;138;0.007772185781351608;973.2840578892431;1;10267;2308;0.141788;0
35601;1646264623.8605459;17836.159955978394;1;1;13373;15471;93908.87896407404;108641.61119069689;1;139;0.0077931572907546974;976.0961770736777;5;7957;4874;0.142404;0
35713;1646264680.1504204;17892.449830532074;1;1;13410;15517;93873.3794416599;108622.9104247753;1;140;0.00782452941469764;980.0352812701257;7;6673;769;0.142852;0
35949;1646264796.331981;18008.63139104843;1;1;13497;15622;93862.13802887424;108640.01780299869;1;141;0.007829578880163376;980.5557873654343;5;12577;3848;0.143796;0
36049;1646264842.0627253;18054.36213541031;1;1;13537;15671;93879.1644705817;108678.46542206442;1;142;0.007865135247370115;984.7707287303393;7;3336;4361;0.144196;0
36341;1646264988.4600499;18200.75945997238;1;1;13647;15791;93881.56627500619;108630.74764040616;1;143;0.007856815003488705;983.7373765168818;9;3593;4617;0.145364;0
36485;1646265058.4122303;18270.71164035797;1;1;13706;15853;93915.30766068248;108626.83294504591;1;144;0.007881466405606228;986.7068658352748;4;1540;16932;0.14594;0
36623;1646265130.2588196;18342.55822968483;1;1;13752;15912;93875.43347076974;108620.26595308959;1;145;0.007905113244527586;989.8151434890643;7;12063;10262;0.14649199999999998;0
36787;1646265210.264698;18422.564108133316;1;1;13817;15983;93898.65985266534;108618.5337211515;1;146;0.007925064021654996;992.1983309321228;7;11293;8209;0.147148;0
37218;1646265433.553659;18645.853069067;1;1;13980;16163;93906.17443172658;108569.77806437745;1;147;0.007883790538061746;987.4254393035627;8;5903;4874;0.148872;1
38081;1646265855.287199;19067.586609125137;1;1;14301;16533;93885.40216906069;108538.37871904625;1;148;0.007761863262190294;971.6131404112288;4;10267;11801;0.152324;0
38822;1646266235.6322818;19447.931691884995;1;1;14571;16842;93832.10550718664;108456.54525784349;1;149;0.007661483100651417;959.5074957498326;3;1796;13340;0.15528799999999998;1
39278;1646266461.1740668;19673.47347688675;1;1;14745;17037;93850.2469575844;108438.5661184378;1;150;0.007624479743052314;954.7329293752227;9;6930;14110;0.157112;1
39801;1646266717.8536346;19930.153044700623;1;1;14943;17255;93860.70701741162;108382.9552021306;1;151;0.0075764596318617095;948.4686314414212;8;4106;3335;0.15920399999999998;0
40241;1646266943.945541;20156.24495100975;1;1;15095;17444;93778.73313287443;108372.05834845059;1;152;0.007541087160303903;944.310529062399;9;1796;11544;0.160964;0
40268;1646266958.5054443;20170.804854393005;1;1;15105;17455;93777.93781662859;108367.686500447;1;153;0.007585220376899244;949.8857653720075;7;6160;8209;0.161072;1
40356;1646266997.9132736;20210.212683677673;1;1;15144;17498;93815.04608980077;108397.75993656457;1;154;0.007619909914375847;954.0093170780059;6;4620;15906;0.16142399999999998;1
40383;1646267014.3360746;20226.635484695435;1;1;15151;17508;93795.65658816829;108387.19263056236;1;155;0.007663162769570914;959.5621920114901;6;4620;7183;0.16153199999999998;0
41328;1646267486.4707282;20698.770138263702;1;1;15494;17927;93725.80332946187;108443.42818428185;1;156;0.007536679665407692;943.6701509872242;5;15657;4617;0.165312;1
41538;1646267589.5892444;20801.888654470444;1;1;15574;18021;93733.44889017285;108460.92734363716;1;157;0.007547391614667633;944.9179064952574;11;4106;12827;0.166152;1
41586;1646267610.3423138;20822.64172387123;1;1;15595;18043;93751.50290963305;108467.99403645458;1;158;0.0075878940864101616;949.8388880873372;7;3850;6670;0.166344;1
41684;1646267656.4694598;20868.76886987686;1;1;15636;18088;93776.98877267056;108482.87112561174;1;159;0.007619040729782072;953.6033010267729;7;2823;1026;0.166736;1
41860;1646267750.7966142;20963.096024274826;1;1;15699;18160;93758.95843287147;108456.76063067367;1;160;0.007632460387278833;955.5661729574773;9;15400;12571;0.16744;1
41929;1646267785.9890049;20998.28841495514;1;1;15726;18189;93765.65145841781;108451.19129957785;1;161;0.007667291581981253;959.9561162918267;8;15144;13853;0.167716;0
42023;1646267828.0454667;21040.344876766205;1;1;15763;18232;93776.02741355925;108464.41234562025;1;162;0.007699493565758443;963.7579420793376;3;6416;7440;0.168092;0
42069;1646267853.0005643;21065.29997444153;1;1;15781;18253;93780.45591765908;108470.6078109772;1;163;0.0077378437619102245;968.6467470108632;7;11293;5644;0.16827599999999998;0
42131;1646267886.3704712;21098.66988134384;1;1;15805;18275;93784.86150340605;108441.52761624457;1;164;0.007773001849041411;973.155158909117;2;770;16932;0.16852399999999998;0
42151;1646267894.8552778;21107.15468788147;1;1;15812;18286;93781.8794334654;108455.31541363194;1;165;0.00781725450160905;978.6244691703637;7;2053;3078;0.168604;0
42311;1646267973.1084435;21185.407853603363;1;1;15872;18360;93781.75888066932;108482.42773746779;1;166;0.007835581979214318;980.8324076481293;11;6160;3335;0.169244;0
42897;1646268265.5501235;21477.849533557892;1;1;16085;18617;93741.98661911089;108498.26328181458;1;167;0.007775452553528332;973.261533440567;11;7957;2052;0.171588;0
42957;1646268293.406553;21505.705963134766;1;1;16108;18645;93744.90769839607;108509.67246316084;1;168;0.007811880265078803;977.7219079544662;12;5133;14880;0.17182799999999998;0
43138;1646268388.8737226;21601.173132658005;1;1;16171;18720;93716.6767119477;108489.03518939218;1;169;0.007823649158410531;979.4149010153462;14;12833;769;0.17255199999999998;1
43176;1646268406.1123261;21618.411736249924;1;1;16189;18739;93738.41949231054;108503.56679636835;1;170;0.007863667418034353;984.343153603854;4;2566;13084;0.172704;1
43693;1646268658.9699259;21871.269335985184;1;1;16389;18964;93773.60217883872;108507.08351452177;1;171;0.007818476256366643;978.4175954958461;2;1026;5387;0.17477199999999998;0
43883;1646268758.074659;21970.374069213867;1;1;16455;19042;93743.59091219834;108481.64437253606;1;172;0.007828724238292152;979.8783127862727;4;7700;4617;0.175532;0
43899;1646268767.1858466;21979.485256671906;1;1;16461;19051;93743.59324813777;108493.35975762545;1;173;0.007870975956886232;985.216064147247;7;3593;5900;0.175596;0
44013;1646268824.3967063;22036.69611644745;1;1;16507;19100;93762.07029741212;108490.6732101879;1;174;0.00789592047195007;988.3443528048532;2;10780;6670;0.176052;0
44299;1646268974.2487593;22186.548169374466;1;1;16604;19226;93704.14682046999;108501.32057157047;1;175;0.007887662319709736;987.6069437233347;7;5646;9492;0.177196;0
44439;1646269042.279274;22254.578684091568;1;1;16657;19286;93707.10412025473;108497.04088750872;1;176;0.00790848492341091;990.1212898580076;4;2823;1026;0.177756;0
44463;1646269052.2510679;22264.550477981567;1;1;16667;19297;93712.74992690551;108500.32611384746;1;177;0.00794985733824015;995.209500033736;12;4106;1026;0.17785199999999998;0
44667;1646269152.566442;22364.86585211754;1;1;16747;19389;93732.50945888464;108519.71253945866;1;178;0.007958912035376537;996.2612219311796;10;4876;4617;0.178668;0
44836;1646269240.7263048;22453.025714874268;1;1;16814;19461;93752.7879382639;108512.13310732447;1;179;0.007972199483182322;998.0818984744402;10;7187;11031;0.179344;1
45064;1646269356.165343;22568.46475315094;1;1;16902;19554;93766.64299662702;108479.05201491213;1;180;0.007975730824794759;998.579797621161;8;9240;9235;0.180256;1
45201;1646269428.0136638;22640.31307387352;1;1;16954;19613;93770.0493351917;108476.5823764961;1;181;0.007994589094656578;1001.0840468131237;12;11293;13853;0.180804;0
45340;1646269503.4903176;22715.789727687836;1;1;17003;19671;93752.75694750772;108463.82884869871;1;182;0.008012048103181891;1003.528892809881;7;10780;16419;0.18136;1
45787;1646269719.2518094;22931.55121946335;1;1;17179;19867;93798.45807762028;108475.11302334724;1;183;0.007980271297332786;999.1919103675716;10;4620;11544;0.183148;0
45913;1646269781.3106532;22993.610063314438;1;1;17227;19917;93802.40890379631;108449.67656219371;1;184;0.008002223204331279;1001.8948881580382;11;3850;6157;0.18365199999999998;0
46071;1646269865.9609044;23078.26031446457;1;1;17286;19984;93800.87256625642;108441.31883397365;1;185;0.008016202152120153;1003.8853074602245;2;2053;5131;0.184284;0
46349;1646269991.8783605;23204.177770614624;1;1;17396;20111;93831.58212690672;108475.91102289154;1;186;0.008015797923921581;1003.257891216639;5;1796;2308;0.185396;0
46399;1646270016.479587;23228.778997182846;1;1;17413;20135;93822.06513071402;108488.3294898597;1;187;0.008050358566960368;1007.564818207289;7;11550;15649;0.18559599999999998;0
47066;1646270365.5135763;23577.8129863739;1;1;17653;20414;93767.26299239366;108432.83899205372;1;188;0.007973597895133406;998.5977138486381;12;10267;14367;0.188264;1
47811;1646270739.3423553;23951.641765356064;1;1;17918;20728;93691.8282403631;108385.09966325741;1;189;0.00789089958223122;988.2662985505427;11;5903;13340;0.191244;0
48206;1646270937.1354303;24149.43484044075;1;1;18074;20897;93733.14525162843;108373.43899099698;1;190;0.007867678943849451;985.3545201842095;8;6416;7440;0.192824;1
48232;1646270950.0649137;24162.364323854446;1;1;18085;20907;93739.63343838116;108366.85188256759;1;191;0.007904855561317484;990.0066345994361;7;7700;13340;0.192928;1
48273;1646270974.4722817;24186.771691799164;1;1;18100;20922;93737.70016365255;108352.49518364303;1;192;0.007938223523443606;994.3446647194085;6;11293;1026;0.19309199999999999;0
48313;1646270994.2920756;24206.591485738754;1;1;18112;20940;93722.18657504191;108355.92904601246;1;193;0.007973034952636987;998.6960031461513;11;7187;1795;0.19325199999999998;0
48962;1646271316.524665;24528.824075222015;1;1;18364;21225;93766.59450185858;108374.86213798456;1;194;0.007909062391456858;990.5641109431805;9;11037;2822;0.195848;1
49101;1646271385.459356;24597.758766174316;1;1;18422;21284;93796.46035722287;108368.46500071282;1;195;0.007927551524253293;992.8514694201748;9;6416;5644;0.196404;0
49171;1646271423.9798107;24636.279220819473;1;1;18444;21316;93774.78595106871;108376.88881657888;1;196;0.007955746817253376;996.5223404038966;11;5646;15136;0.196684;0
49361;1646271521.0958436;24733.395253658295;1;1;18513;21402;93763.29490893621;108395.29182958206;1;197;0.007964939628369942;997.7512611170763;2;2310;2052;0.19744399999999998;0
50344;1646272019.2330434;25231.532453536987;1;1;18880;21816;93754.96583505483;108334.65755601462;1;198;0.007847323596559595;983.2353408549181;7;15400;2308;0.201376;1
50353;1646272023.75881;25236.058220148087;1;1;18884;21820;93758.06803964014;108335.15381407265;1;199;0.007885542118504126;988.024546700296;8;12320;6413;0.20141199999999998;0
50601;1646272145.2662544;25357.5656645298;1;1;18979;21931;93767.90972510424;108352.6017272386;1;200;0.007887192431872917;988.1227643722456;3;3850;3078;0.202404;0
50698;1646272193.8964913;25406.19590139389;1;1;19016;21977;93770.95743421832;108372.12513314135;1;201;0.007911455960590003;991.163359501361;11;10523;13597;0.202792;1
51080;1646272383.8212023;25596.12061238289;1;1;19163;22140;93789.15426781519;108359.43617854346;1;202;0.0078918209153256;988.6452623335944;3;8213;4874;0.20432;1
51129;1646272408.2428334;25620.542243480682;1;1;19179;22161;93777.50396057032;108358.27025758376;1;203;0.007923329571670353;992.5873770267362;5;12320;3078;0.204516;0
51149;1646272417.5745113;25629.873921394348;1;1;19188;22169;93784.82472775616;108355.00205282605;1;204;0.007959461705728975;997.0869420712038;6;2823;4361;0.204596;0
51735;1646272705.5074914;25917.806901454926;1;1;19416;22432;93824.2968976515;108398.56963371026;1;205;0.007909619852461055;990.6253020199092;6;4620;1795;0.20693999999999999;0
51775;1646272722.5851886;25934.884598731995;1;1;19433;22449;93833.8966682762;108396.9097054563;1;206;0.007942969602034463;994.688556253018;11;3080;16419;0.20709999999999998;0
52232;1646272960.3301873;26172.62959742546;1;1;19596;22653;93793.07704089447;108424.91193138306;1;207;0.007909025695315005;990.771940572829;6;13090;3335;0.208928;1
52437;1646273068.7569594;26281.056369543076;1;1;19678;22737;93817.34271602113;108401.51038388924;1;208;0.007914445944457914;991.6661899040754;11;4620;13853;0.209748;0
52718;1646273205.6075819;26417.906991958618;1;1;19782;22863;93810.46321939376;108421.22235289654;1;209;0.007911300469928136;991.1225767290109;-1;10523;2052;0.210872;1
52778;1646273232.3645427;26444.663952827454;1;1;19804;22891;93808.02607146917;108430.59608170071;1;210;0.007941110553516671;994.7326537572474;9;13347;2822;0.211112;1
52911;1646273301.637236;26513.93664622307;1;1;19855;22946;93813.19574379618;108417.90931942318;1;211;0.007958078908288299;996.9571544669351;5;12833;5900;0.211644;0
53635;1646273652.0800333;26864.37944340706;1;1;20127;23268;93814.67325440477;108455.2997110096;1;212;0.00789149067993931;988.1607159504056;11;15914;14367;0.21453999999999998;0
53993;1646273833.1615674;27045.46097755432;1;1;20263;23428;93822.34734132202;108477.02479951105;1;213;0.007875628379075284;986.2389569018206;8;6673;5131;0.215972;0
54364;1646274015.0665605;27227.365970611572;1;1;20416;23592;93885.6596276948;108490.91310426017;1;214;0.007859739360428232;984.1071297181959;0;2053;1282;0.21745599999999998;1
54533;1646274093.1393192;27305.438729286194;1;1;20474;23672;93860.59816991547;108521.44573010837;1;215;0.007873889232528746;985.6417215264153;5;7700;15649;0.218132;0
54751;1646274203.8669493;27416.16635942459;1;1;20556;23766;93861.29933699842;108518.565870943;1;216;0.007878563223181922;986.2833555551498;11;16684;14110;0.21900399999999998;0
54915;1646274293.536635;27505.83604502678;1;1;20618;23834;93863.24319402713;108504.05171628881;1;217;0.0078892348389183;987.8903760356916;8;10010;4874;0.21966;0
55445;1646274546.0823355;27758.38174557686;1;1;20829;24064;93917.39561727838;108503.92280638471;1;218;0.007853483751254234;982.9560826043828;6;9240;8466;0.22177999999999998;0
55820;1646274733.8705566;27946.169966697693;1;1;20968;24229;93908.99319240416;108513.97348620566;1;219;0.00783649424092723;980.8312432819779;5;3336;16419;0.22327999999999998;1
56025;1646274836.894265;28049.1936750412;1;1;21046;24321;93913.43150379295;108527.44310575636;1;220;0.007843362720111307;981.7045961624275;2;12833;14110;0.2241;0
56033;1646274841.920171;28054.219581127167;1;1;21049;24324;93913.40817018543;108525.33328574234;1;221;0.007877602845479711;986.0260917673514;8;12063;16932;0.224132;0
56065;1646274855.799215;28068.098625183105;1;1;21060;24340;93908.85579238384;108534.73646660127;1;222;0.007909335183852404;989.9224114866673;10;1796;16419;0.22426;0
56126;1646274883.413321;28095.71273112297;1;1;21083;24368;93909.23992445569;108541.49591989453;1;223;0.00793715404674437;993.3007875138082;6;8727;9749;0.22450399999999998;1
56180;1646274912.312982;28124.61239218712;1;1;21102;24394;93903.52438590246;108552.86578853684;1;224;0.007964554208833331;996.7960128159488;11;5646;10005;0.22472;1
56331;1646274988.6467445;28200.94615459442;1;1;21158;24461;93900.33906729864;108559.23026397543;1;225;0.00797845571444927;998.5620706183097;5;6160;6670;0.225324;0
56374;1646275008.1703298;28220.46973991394;1;1;21171;24481;93886.36605527371;108565.1186717281;1;226;0.008008371302209556;1002.2350729059496;8;3080;15649;0.225496;1
56650;1646275140.3966675;28352.69607758522;1;1;21283;24603;93923.21270962048;108574.58075904677;1;227;0.008006293277324666;1001.765225066196;11;4363;14880;0.2266;1
56779;1646275209.8111594;28422.11056947708;1;1;21329;24653;93912.36196481093;108548.0547385477;1;228;0.008021923616216332;1003.8922841191286;10;4876;12827;0.22711599999999998;0
56918;1646275273.7423058;28486.041715860367;1;1;21386;24720;93933.37784180751;108577.25148459186;1;229;0.00803902494717257;1005.8329526687515;6;13347;9235;0.22767199999999999;1
57960;1646275775.8065672;28988.10597729683;1;1;21783;25165;93957.03933747413;108544.68599033817;1;230;0.007934288641697857;992.063492063492;8;6160;1026;0.23184;1
58280;1646275945.1709712;29157.47038125992;1;1;21906;25295;93968.7714481812;108506.3486616335;1;231;0.007922497973228441;990.9059711736445;7;5390;2052;0.23312;1
58417;1646276015.1466177;29227.446027755737;1;1;21953;25355;93949.53523803003;108508.65330297688;1;232;0.007937744535724472;992.8616669805023;15;770;2052;0.233668;0
58620;1646276117.4013996;29329.70080971718;1;1;22029;25447;93948.31115660185;108525.24735585124;1;233;0.007944165592129229;993.6881610371887;9;4106;16932;0.23448;1
58624;1646276119.1059504;29331.40536046028;1;1;22032;25448;93954.69432314411;108522.10698689957;1;234;0.007977797078739359;997.884825327511;-1;3850;4617;0.23449599999999998;1
58923;1646276272.9304447;29485.22985482216;1;1;22150;25573;93978.58221747026;108501.7735010098;1;235;0.007970092183682501;997.0639648354633;8;6930;11544;0.23569199999999998;0
59133;1646276376.4008677;29588.70027780533;1;1;22223;25667;93953.46084250757;108513.85858995822;1;236;0.007976017796801474;997.75083286828;13;3336;10262;0.236532;0
59201;1646276410.0839803;29622.383390426636;1;1;22248;25700;93951.11569061334;108528.57215249742;1;237;0.008000706657405349;1000.8276887214744;11;4363;6670;0.236804;0
59375;1646276494.3263555;29706.625765562057;1;1;22308;25779;93928.42105263157;108543.15789473684;1;238;0.008011680689629376;1002.1052631578948;2;5903;4617;0.2375;0
59753;1646276677.207403;29889.506813049316;1;1;22449;25940;93924.15443576055;108530.11564272923;1;239;0.007996117215813548;999.9497933158168;11;6160;1282;0.239012;0
59973;1646276789.550707;30001.850117206573;1;1;22528;26034;93908.92568322412;108523.83572607674;1;240;0.00799950666583578;1000.4502025911661;10;2823;11031;0.239892;0
60038;1646276817.6048553;30029.904265403748;1;1;22557;26063;93928.0122589027;108527.0995036477;1;241;0.008025333609792637;1003.5310969719179;9;5390;3335;0.24015199999999998;1
60328;1646276958.668222;30170.967632055283;1;1;22666;26195;93928.19254740751;108552.4134730142;1;242;0.008020955872256678;1002.8510807585201;6;8213;5387;0.241312;1
60616;1646277105.1717198;30317.471129894257;1;1;22778;26319;93943.84320971361;108548.07311600898;1;243;0.008015180387535428;1002.2106374554573;8;14117;13597;0.24246399999999999;1
60943;1646277267.6504645;30479.94987463951;1;1;22896;26469;93923.83046453244;108580.96910227589;1;244;0.008005262508748985;1000.9353001985462;10;2823;13853;0.243772;0
61012;1646277300.9480517;30513.247461795807;1;1;22922;26504;93924.14606962565;108601.58657313316;1;245;0.008029299415172145;1003.9008719596145;9;3080;2822;0.244048;1
61059;1646277320.9575615;30533.25697159767;1;1;22942;26526;93933.73622234233;108608.06760674102;1;246;0.008056788708418219;1007.2225224782588;12;3080;4361;0.24423599999999998;0
61077;1646277330.354493;30542.653903007507;1;1;22949;26533;93934.70537190759;108604.71208474548;1;247;0.008087051006909329;1011.0188778099775;6;3850;2052;0.244308;0
61122;1646277349.6826317;30561.982041835785;1;1;22969;26553;93947.35119924086;108606.55737704918;1;248;0.00811465695060343;1014.3647131965578;9;5390;4104;0.24448799999999998;1
61182;1646277379.2104454;30591.509855508804;1;1;22994;26578;93957.37308358667;108602.20326239744;1;249;0.008139513256327916;1017.4561145434932;5;3080;2565;0.244728;1
61557;1646277562.130423;30774.429833173752;1;1;23136;26742;93961.69403967055;108606.6572445051;1;250;0.008123627354112952;1015.3191351105479;9;5646;5387;0.246228;0
61653;1646277604.0862305;30816.385640621185;1;1;23178;26784;93985.69412680648;108607.85363242665;1;251;0.008145017489304122;1017.7931325320747;7;2823;6413;0.246612;0
61849;1646277696.4499025;30908.749312639236;1;1;23257;26869;94007.17877411115;108607.25314879788;1;252;0.008153031280917987;1018.6098400944236;7;4363;8979;0.24739599999999998;0
61899;1646277721.9169168;30934.21632695198;1;1;23274;26891;93999.90306790093;108608.37816442914;1;253;0.008178645850471062;1021.8258776393803;7;12577;12571;0.24759599999999998;0
62043;1646277792.6986668;31004.99807691574;1;1;23327;26958;93995.293586706;108626.2753251777;1;254;0.008192227568274275;1023.4837129087891;5;7187;8722;0.24817199999999998;0
62346;1646277942.5934782;31154.89288830757;1;1;23442;27087;93999.61505148686;108615.62890963333;1;255;0.008184910181337888;1022.5194880184775;8;6416;7696;0.249384;1
62493;1646278019.5102656;31231.809675693512;1;1;23497;27152;93998.52783511754;108620.16545853135;1;256;0.008196771261680514;1024.1147008464948;7;6416;12314;0.249972;0
62769;1646278155.822161;31368.121571063995;1;1;23602;27276;94003.40932625977;108636.42881040004;1;257;0.00819303124089756;1023.5944494893978;2;7187;2822;0.25107599999999997;0
62780;1646278161.75158;31374.050990104675;1;1;23608;27281;94010.83147499204;108637.30487416375;1;258;0.008223356304271092;1027.3972602739725;7;5390;3848;0.25112;1
62938;1646278244.1545968;31456.454006910324;1;1;23665;27349;94001.23931488131;108634.68810575487;1;259;0.008233604459774873;1028.790238012012;1;6930;5131;0.251752;1
63189;1646278376.6956875;31588.995097637177;1;1;23767;27456;94031.39786988242;108626.50144803684;1;260;0.008230714500299116;1028.660051591258;9;5903;5900;0.252756;0
63230;1646278398.5346267;31610.834036827087;1;1;23784;27475;94037.64036058832;108631.18772734462;1;261;0.00825666288007242;1031.9468606674047;6;4106;12314;0.25292;1
63495;1646278539.3677962;31751.667206287384;1;1;23884;27583;94038.90070084258;108603.03960941806;1;262;0.008251535212239798;1031.5772895503583;10;10780;3078;0.25398;0
63715;1646278645.3870602;31857.686470270157;1;1;23971;27679;94055.55991524759;108604.72416228517;1;263;0.008255464509183165;1031.939103821706;6;6416;12058;0.25486;0
63759;1646278669.6317883;31881.931198358536;1;1;23985;27701;94045.54651108079;108616.03852005207;1;264;0.008280552340367394;1035.1479791088318;9;13090;4874;0.255036;0
64191;1646278890.057805;32102.357215166092;1;1;24143;27885;94027.97900017137;108601.67313174745;1;265;0.008254845531243614;1032.076147746569;9;16427;9749;0.256764;0
64272;1646278928.449621;32140.749031066895;1;1;24174;27922;94030.05974607916;108608.72541697785;1;266;0.008276098349260227;1034.6651730146878;13;4876;5387;0.257088;1
64567;1646279076.1082337;32288.407643795013;1;1;24281;28046;94014.74437406105;108592.6247154119;1;267;0.008269221664491417;1033.8098409404186;9;2566;3335;0.258268;0
64688;1646279133.119082;32345.41849207878;1;1;24329;28103;94024.39401434579;108609.78852337373;1;268;0.008285562917222164;1035.740786544645;7;4876;5131;0.258752;1
65296;1646279441.558781;32653.858191013336;1;1;24550;28370;93995.03798088703;108620.74246508209;1;269;0.008237923936168482;1029.9252634158295;13;5646;12058;0.26118399999999997;1
65331;1646279460.3402562;32672.639666318893;1;1;24562;28386;93990.60170516295;108623.77737980438;1;270;0.008263795112897895;1033.2001653120265;13;6416;6157;0.261324;0
65362;1646279474.9659114;32687.26532149315;1;1;24574;28399;93991.9219118142;108621.9821914874;1;271;0.008290690497800896;1036.5349897493957;7;12833;2308;0.261448;1
65658;1646279625.6508455;32837.9502556324;1;1;24678;28528;93964.17801334187;108623.47314874045;1;272;0.00828309921546782;1035.6696822930946;12;5390;3848;0.262632;1
65701;1646279649.255093;32861.55450320244;1;1;24690;28546;93948.34172995845;108620.87335048172;1;273;0.008307580214240792;1038.796974170865;7;1026;12827;0.262804;0
65732;1646279662.8468678;32875.14627790451;1;1;24702;28560;93949.67443558693;108622.89295928924;1;274;0.00833456367566511;1042.1103876346376;6;4363;2822;0.262928;1
66025;1646279800.9028924;33013.2023024559;1;1;24807;28699;93930.32942067398;108667.17152593714;1;275;0.008330000751836859;1041.2722453616054;3;5390;4617;0.2641;0
67188;1646280386.8425612;33599.141971349716;1;1;25225;29211;93859.76662499255;108691.28415788534;1;276;0.008214495484299797;1026.9691016252903;3;9753;4617;0.268752;1
67445;1646280514.6257896;33726.925199747086;1;1;25322;29324;93861.6650604196;108695.9744977389;1;277;0.008213022632791831;1026.762547260731;6;13860;7696;0.26977999999999996;0
67523;1646280550.7491934;33763.0486035347;1;1;25349;29362;93853.20557439687;108711.10584541563;1;278;0.008233853620993686;1029.2789123705998;7;9497;11544;0.270092;0
67587;1646280580.0563006;33792.35571074486;1;1;25371;29392;93845.70997381154;108719.13237752822;1;279;0.008256305135640105;1032.0031958808647;9;9240;3078;0.270348;0
67759;1646280664.307133;33876.60654306412;1;1;25439;29466;93858.38043654717;108716.18530379728;1;280;0.008265290670246518;1033.0730973007276;7;5390;5387;0.271036;0
68495;1646281024.8760638;34237.17547392845;1;1;25713;29796;93849.91605226659;108752.46368348054;1;281;0.008207452750124817;1025.6223081976786;18;2566;6926;0.27398;0
68601;1646281080.9724762;34293.271886348724;1;1;25749;29846;93836.09568373639;108766.63605486801;1;282;0.008223187362657484;1027.681812218481;10;16170;7440;0.274404;0
69167;1646281360.615822;34572.91523218155;1;1;25955;30097;93812.80090216432;108783.8130900574;1;283;0.0081855984113418;1022.8866366909076;6;11807;12314;0.27666799999999997;0
69865;1646281712.942701;34925.242111206055;1;1;26208;30403;93780.86309310814;108791.95591497888;1;284;0.008131654437661758;1016.2456165461963;9;4620;3848;0.27946;0
69871;1646281715.6916955;34927.99110555649;1;1;26210;30407;93779.96593722717;108796.92576319216;1;285;0.008159644771401154;1019.736371312848;10;2053;5900;0.279484;0
70058;1646281807.8124;35020.11181020737;1;1;26282;30489;93786.5768363356;108799.13785720403;1;286;0.008166735776001695;1020.5829455593937;-2;5390;2308;0.280232;1
70146;1646281847.3015845;35059.600994586945;1;1;26314;30530;93782.96695463746;108808.77027913209;1;287;0.00818606007650548;1022.8665925355687;9;5646;9492;0.280584;1
70258;1646281908.8100946;35121.10950469971;1;1;26353;30578;93772.23946027498;108806.11460616585;1;288;0.008200196521737488;1024.7943294713768;11;5646;8466;0.281032;1
70623;1646282099.1125576;35311.411967754364;1;1;26486;30733;93758.40731772935;108792.4613794373;1;289;0.008184322967994276;1023.0378205400508;9;10523;4617;0.28249199999999997;0
70648;1646282116.80645;35329.10585999489;1;1;26494;30742;93753.53867059223;108785.81134639338;1;290;0.008208529283170542;1026.214471747254;5;4620;12827;0.282592;1
70829;1646282210.8951008;35423.19451093674;1;1;26564;30821;93761.03008654647;108786.65518361123;1;291;0.008214956443585436;1027.1216592073868;9;9497;10518;0.283316;0
71022;1646282303.703971;35516.00338101387;1;1;26640;30906;93773.76024330489;108790.23401199629;1;292;0.008221645799146906;1027.850525189378;8;2053;10518;0.284088;1
71370;1646282469.1089375;35681.40834760666;1;1;26768;31062;93764.88720751015;108806.22110130308;1;293;0.008211559284476871;1026.3416001120918;1;4106;2308;0.28548;1
71465;1646282518.0377843;35730.33719444275;1;1;26804;31103;93766.17924858323;108805.00944518295;1;294;0.00822830186012705;1028.4754775064716;5;14117;2052;0.28586;0
71660;1646282615.0468578;35827.346267938614;1;1;26878;31187;93769.18783142618;108801.98157968183;1;295;0.008233933872573514;1029.1655037677924;12;6930;1795;0.28664;1
71691;1646282631.3223677;35843.6217777729;1;1;26891;31198;93773.97441798831;108793.2934399018;1;296;0.008258094057435722;1032.207669024006;14;4363;1026;0.28676399999999996;0
71764;1646282668.429366;35880.72877621651;1;1;26916;31232;93765.67638370213;108801.07017446074;1;297;0.008277423846442774;1034.6413243408952;9;2310;5131;0.287056;1
71913;1646282738.6808333;35950.98024344444;1;1;26979;31298;93790.41341621126;108805.0839208488;1;298;0.008289064664776127;1035.9740241680922;7;11293;5387;0.28765199999999996;0
72054;1646282805.725579;36018.02498912811;1;1;27034;31359;93797.70727509924;108803.81380631193;1;299;0.008301399093655243;1037.416382157826;4;6160;6926;0.28821599999999997;1
72084;1646282821.3049417;36033.60435175896;1;1;27048;31373;93807.22490427834;108807.08617723767;1;300;0.008325561802572096;1040.4528050607626;12;11550;15393;0.288336;1
72194;1646282877.6388626;36089.938272714615;1;1;27089;31417;93806.271989362;108793.66706374491;1;301;0.008340274724924305;1042.330387566834;2;7443;5644;0.288776;1
72666;1646283108.7004063;36320.999816417694;1;1;27267;31626;93809.34687474197;108806.04409214764;1;302;0.008314749085279613;1039.0003578014478;12;5646;769;0.290664;1
72713;1646283131.5865922;36343.88600230217;1;1;27284;31649;93807.15965508232;108814.7924030091;1;303;0.00833702813124625;1041.7669467633023;7;6930;2308;0.290852;0
72745;1646283149.8236778;36362.123087882996;1;1;27295;31663;93803.69784864939;108815.03883428415;1;304;0.008360347916574277;1044.7453433225653;10;7957;9235;0.29097999999999996;0
73204;1646283379.6393738;36591.93878388405;1;1;27475;31863;93830.25517731272;108815.77509425714;1;305;0.008335169169399933;1041.6097481011968;7;1796;14110;0.29281599999999997;1
73212;1646283383.7057266;36596.00513672829;1;1;27479;31867;93833.66114844561;108817.543572092;1;306;0.008361568396789133;1044.9106703819045;7;12063;16932;0.292848;1
73331;1646283443.114341;36655.413751125336;1;1;27520;31921;93821.167037133;108825.05352443032;1;307;0.008375297632278806;1046.6242107703429;8;6930;1795;0.293324;0
73390;1646283471.6046922;36683.90410232544;1;1;27545;31947;93830.90339283281;108826.13435072899;1;308;0.008396052915765732;1049.189262842349;7;3593;4104;0.29356;1
73519;1646283527.6334538;36739.93286395073;1;1;27600;32004;93853.28962581101;108829.01018784259;1;309;0.008410467192311916;1050.7487860281017;12;12063;10518;0.294076;0
73542;1646283537.5889297;36749.88833975792;1;1;27610;32015;93857.93152212341;108832.36789861576;1;310;0.008435399779558678;1053.819586086862;2;12063;6926;0.294168;1
73809;1646283664.359452;36876.65886211395;1;1;27720;32134;93890.98890379223;108841.74016718828;1;311;0.008433518914033523;1053.394572477611;7;4620;13853;0.295236;0
73883;1646283701.6878011;36913.98721122742;1;1;27748;32167;93891.69362370235;108844.3891016878;1;312;0.008452080730664202;1055.7232380926603;10;3850;5644;0.29553199999999996;0
74182;1646283848.2499642;37060.549374341965;1;1;27867;32296;93914.2918767356;108840.41950877571;1;313;0.00844563842911348;1054.8381008870076;6;10267;9749;0.296728;1
74316;1646283913.9517834;37126.25119352341;1;1;27923;32354;93933.33871575435;108839.28090855267;1;314;0.008457627417410154;1056.3001237956835;7;6416;16932;0.297264;1
75057;1646284282.8847263;37495.184136390686;1;1;28204;32672;93941.93746086308;108823.96045671956;1;315;0.008401078892003066;1049.2026060194253;2;13604;1026;0.300228;0
75079;1646284295.5352767;37507.834686756134;1;1;28209;32683;93931.05928422062;108828.70043554124;1;316;0.008424906493244686;1052.2249896775397;1;3850;4104;0.30031599999999997;0
75404;1646284457.87415;37670.17356014252;1;1;28319;32831;93890.9076441568;108850.32624263965;1;317;0.008415145725142252;1051.0052517107845;-3;5133;3078;0.301616;1
75754;1646284629.861915;37842.16132521629;1;1;28456;32982;93909.23251577474;108845.73751881089;1;318;0.008403325520101815;1049.4495340180056;8;5390;5900;0.303016;1
75991;1646284748.0194304;37960.31884050369;1;1;28548;33089;93919.01672566489;108858.28584964009;1;319;0.00840351213435085;1049.4663841770735;9;15400;13084;0.303964;0
76005;1646284754.268085;37966.56749510765;1;1;28555;33096;93924.74179330307;108861.25912768897;1;320;0.008428468021009142;1052.562331425564;13;16684;3078;0.30402;0
76334;1646284930.0616245;38142.36103463173;1;1;28674;33235;93909.66017764037;108847.30264364503;1;321;0.008415839798394885;1051.3008620012051;8;7700;11288;0.305336;1
76396;1646284961.3627603;38173.662170410156;1;1;28697;33263;93908.71249803655;108850.59427195141;1;322;0.00843513516105862;1053.7200900570713;9;15657;8979;0.30558399999999997;1
76605;1646285063.2358682;38275.53527832031;1;1;28777;33355;93913.58266431696;108853.86071405261;1;323;0.008438810787394809;1054.1087396384048;0;6930;2565;0.30641999999999997;0
76824;1646285167.2484584;38379.54786849022;1;1;28856;33453;93902.9469957305;108862.4648547329;1;324;0.00844199627130067;1054.3580131208996;11;5390;16932;0.307296;1
76955;1646285229.1845102;38441.48392033577;1;1;28907;33512;93908.77785718927;108868.81943993243;1;325;0.008454408281259743;1055.8118380871938;6;8983;7183;0.30782;0
77329;1646285420.5116794;38632.811089515686;1;1;29040;33672;93884.5711182092;108859.5481643368;1;326;0.00843842295722744;1053.9383672360952;7;11807;13597;0.309316;0
77338;1646285423.9502199;38636.249629974365;1;1;29045;33676;93889.80837363262;108859.81018386822;1;327;0.008463554385628317;1057.0482815692158;11;3593;11801;0.30935199999999996;1
78180;1646285833.0910556;39045.39046573639;1;1;29363;34046;93895.49756971092;108870.55512918904;1;328;0.008400479444246581;1048.8616014325914;5;12577;5131;0.31272;1
78205;1646285847.2724302;39059.571840286255;1;1;29369;34058;93884.66210600345;108874.11290838182;1;329;0.008423031397918898;1051.7230356115338;4;770;8466;0.31282;0
78346;1646285919.0503268;39131.34973692894;1;1;29416;34121;93865.67278482628;108879.20251193424;1;330;0.008433136148344334;1053.0212135909937;10;10010;5131;0.313384;1
78632;1646286055.0935054;39267.39291548729;1;1;29528;34245;93880.35405432903;108877.42903652457;1;331;0.00842938569189939;1052.370536168481;6;5903;4617;0.314528;1
78894;1646286174.2032385;39386.502648591995;1;1;29634;34362;93904.47942809339;108886.60734656628;1;332;0.008429283578745686;1052.0445154257613;12;9753;11288;0.31557599999999997;1
78898;1646286175.5224257;39387.8218357563;1;1;29637;34364;93909.22456843013;108887.42426930975;1;333;0.008454389821010672;1055.1598266115745;11;12063;11801;0.315592;1
79093;1646286270.273802;39482.57321214676;1;1;29713;34453;93917.91941132591;108900.28194656923;1;334;0.008459428371230003;1055.7192166184113;11;4620;8466;0.316372;0
79710;1646286582.5008411;39794.8002512455;1;1;29926;34724;93858.98883452515;108907.28892234349;1;335;0.008418185237392042;1050.68372851587;10;2823;5644;0.31884;1
79922;1646286694.2215314;39906.520941495895;1;1;30005;34812;93857.13570731464;108893.67132954631;1;336;0.008419676586004218;1051.0247491304021;7;12833;11288;0.31968799999999997;1
80012;1646286739.4926853;39951.792095422745;1;1;30040;34850;93860.92086187072;108889.91651252312;1;337;0.00843516604199114;1052.9670549417588;7;2053;7183;0.320048;1
80063;1646286765.8050766;39978.10448670387;1;1;30061;34872;93866.70496983625;108889.24971584877;1;338;0.008454627960473058;1055.418857649601;12;5133;3078;0.320252;0
80252;1646286852.4281301;40064.72754025459;1;1;30138;34956;93885.51064147934;108894.48238050142;1;339;0.00846130800863162;1056.0484473907193;11;9497;8979;0.32100799999999996;1
80377;1646286915.3412192;40127.640629291534;1;1;30182;35010;93876.35766450601;108893.09130721475;1;340;0.008472962642907391;1057.5164537118828;8;13860;8979;0.32150799999999996;0
81421;1646287448.9302423;40661.229652404785;1;1;30577;35454;93885.48408887142;108860.12208152688;1;341;0.00838636713437004;1047.0271797202197;6;8470;5644;0.325684;0
81483;1646287481.9571316;40694.25654172897;1;1;30601;35484;93887.68209319735;108869.33470785317;1;342;0.008404134368428727;1049.2986267074114;8;15657;6670;0.325932;0
81499;1646287490.8987932;40703.19820332527;1;1;30606;35492;93884.58754095143;108872.50150308592;1;343;0.008426856245708438;1052.1601492042846;3;1026;4104;0.325996;0
81642;1646287559.5716608;40771.87107086182;1;1;30656;35559;93873.2515127018;108886.96994194164;1;344;0.008437189438819853;1053.3793880600672;10;6160;8209;0.32656799999999997;1
82617;1646288049.7594519;41262.0588619709;1;1;31021;35972;93869.90570947868;108851.68911967271;1;345;0.00836119208578728;1043.97400050837;2;1283;5644;0.330468;0
83103;1646288306.8016388;41519.10104894638;1;1;31195;36185;93844.38588257945;108855.87764581303;1;346;0.00833351376254762;1040.8769839837312;6;6930;4617;0.332412;0
83379;1646288448.7536392;41661.05304932594;1;1;31302;36307;93854.5676969021;108861.34398349705;1;347;0.008329122156109646;1040.429844445244;9;7700;1795;0.333516;0
83797;1646288654.1183488;41866.41775894165;1;1;31463;36491;93866.72553910044;108867.26255116532;1;348;0.008312151328630824;1038.2233254173777;9;9240;10005;0.335188;0
83838;1646288673.9989357;41886.298345804214;1;1;31479;36512;93868.53216918343;108876.64304969108;1;349;0.008332080269274013;1040.6975357236577;4;4106;7696;0.335352;1
84239;1646288867.7058637;42080.00527381897;1;1;31628;36690;93863.88727311578;108886.62021154097;1;350;0.008317489451878953;1038.711285746507;7;6416;4874;0.336956;0
84425;1646288971.333819;42183.63322901726;1;1;31689;36769;93837.72579212318;108880.66331063074;1;351;0.008320762654425752;1039.3840687000295;9;16940;13853;0.3377;0
84431;1646288973.9055867;42186.204996824265;1;1;31692;36773;93839.9403062856;108884.76981203587;1;352;0.008343959832995127;1042.2712037048004;9;2053;11544;0.33772399999999997;0
84455;1646288985.4540398;42197.75344991684;1;1;31702;36783;93842.87490379492;108883.42904505358;1;353;0.008365374247208785;1044.935172577112;8;10780;13853;0.33782;0
84565;1646289042.349899;42254.649309158325;1;1;31746;36829;93850.88393543428;108877.78631821675;1;354;0.008377776310718867;1046.532253296281;5;15400;1026;0.33826;0
84684;1646289101.6608522;42313.960262298584;1;1;31792;36882;93854.8013792452;108881.25265693637;1;355;0.008389666147989989;1048.013792451939;9;13090;16162;0.338736;1
85049;1646289285.4000776;42497.69948768616;1;1;31923;37038;93837.08215264142;108872.53230490658;1;356;0.00837692402863247;1046.4555726698727;6;15657;3335;0.340196;0
85544;1646289525.9899392;42738.28934931755;1;1;32106;37257;93828.9067614327;108882.56335920696;1;357;0.008353165403558686;1043.3227344992051;10;6930;16419;0.342176;1
85621;1646289567.0332294;42779.332639455795;1;1;32134;37289;93826.28093575174;108878.07897595216;1;358;0.00836852699450045;1045.3043061865662;9;8983;7183;0.342484;0
85672;1646289592.9664261;42805.26583623886;1;1;32156;37310;93834.62508170698;108874.54477542255;1;359;0.008386818607164712;1047.6001494070408;4;3080;4874;0.342688;1
85708;1646289608.454364;42820.75377416611;1;1;32173;37327;93844.79861856536;108878.40108274607;1;360;0.008407138321259285;1050.0770056470808;5;11807;15136;0.34283199999999997;1
85837;1646289670.3359437;42882.635353803635;1;1;32222;37385;93846.47646119971;108883.69817211691;1;361;0.008418325903283829;1051.411396018034;11;12063;5387;0.343348;0
86087;1646289784.8787644;42997.1781744957;1;1;32323;37494;93867.25057209567;108884.03591715358;1;362;0.008419157148659694;1051.2620953221742;13;9497;7183;0.344348;0
86309;1646289893.9461272;43106.24553728104;1;1;32410;37588;93877.81112050886;108876.24697308507;1;363;0.008421053503396727;1051.454657104126;3;2823;3078;0.345236;0
87180;1646290319.950285;43532.24969506264;1;1;32750;37974;93914.88873594861;108895.38885065382;1;364;0.008361617020709231;1043.8173893094747;4;10267;3335;0.34872;1
88018;1646290754.0426776;43966.34208774567;1;1;33056;38332;93889.88615964916;108875.45729282647;1;365;0.00830180503239393;1036.7197618668908;6;15400;17189;0.352072;1
88177;1646290832.860258;44045.15966820717;1;1;33116;38399;93890.69712056432;108869.09284734115;1;366;0.008309653155013703;1037.6855642627897;9;11293;14110;0.35270799999999997;0
88346;1646290918.8583817;44131.15779185295;1;1;33179;38472;93889.36680777851;108867.40769248184;1;367;0.008316119910811673;1038.5303239535463;8;5903;15393;0.353384;1
88643;1646291075.7116694;44288.01107954979;1;1;33292;38585;93893.48284692531;108821.33953047618;1;368;0.008309246476185196;1037.8710106833028;6;1540;9492;0.354572;0
88770;1646291138.6190581;44350.91846823692;1;1;33342;38644;93899.96620479891;108831.81254928467;1;369;0.008320008079748541;1039.202433254478;9;6930;15393;0.35508;1
88794;1646291148.11147;44360.410880088806;1;1;33353;38656;93905.55668175778;108836.18262495214;1;370;0.008340770354903874;1041.737054305471;9;6930;15136;0.355176;1
88842;1646291172.5741668;44384.8735768795;1;1;33374;38676;93913.9145899462;108833.65975552103;1;371;0.008358703542489245;1043.9882037774928;6;2310;1795;0.35536799999999996;1
88906;1646291204.5142088;44416.81361889839;1;1;33396;38704;93908.17267675973;108834.04944548174;1;372;0.008375206812262689;1046.0486356376398;11;5646;4104;0.355624;1
89777;1646291641.7477672;44854.04717731476;1;1;33713;39088;93879.83559263508;108847.47763903895;1;373;0.008315860518126161;1038.6847410806777;11;7187;15393;0.359108;0
90047;1646291777.7253091;44990.02471923828;1;1;33813;39210;93875.97587926305;108859.81765078237;1;374;0.00831295386775089;1038.3466411984853;12;14117;2565;0.360188;0
90212;1646291861.5859609;45073.88537096977;1;1;33875;39276;93876.09187247817;108843.61282312774;1;375;0.00831967328562099;1039.2187292156254;5;2053;5900;0.360848;1
90872;1646292203.4732478;45415.772657871246;1;1;34115;39555;93854.54265340259;108820.64882472048;1;376;0.008279062052571584;1034.4220441940313;4;5390;5387;0.363488;1
90950;1646292243.6734784;45455.972888469696;1;1;34145;39588;93856.5145684442;108818.03188565146;1;377;0.008293739547165854;1036.2836723474438;9;10010;16676;0.36379999999999996;1
91535;1646292553.1095097;45765.40891981125;1;1;34352;39838;93822.03528704867;108805.37499317201;1;378;0.008259513220177275;1032.3919812093736;7;4363;6926;0.36613999999999997;0
91633;1646292604.7961228;45817.095532894135;1;1;34388;39881;93819.91204042212;108806.32523217618;1;379;0.008272021514936471;1034.0161295603114;4;14630;3848;0.36653199999999997;0
92041;1646292800.048953;46012.34836316109;1;1;34557;40052;93863.06102715095;108788.47470149172;1;380;0.008258652590404184;1032.1487163329386;6;3080;7696;0.368164;0
92462;1646293002.4530263;46214.75243639946;1;1;34711;40235;93852.06895805844;108787.93450282278;1;381;0.008244120760450476;1030.152927689213;3;5646;6670;0.369848;1
92599;1646293070.057808;46282.357218027115;1;1;34764;40297;93856.30514368406;108794.37142949709;1;382;0.008253685053258478;1031.3286320586615;3;14117;8979;0.370396;0
92765;1646293150.1825042;46362.481914281845;1;1;34828;40370;93860.83113243141;108796.42106397887;1;383;0.008260990011451863;1032.1780844068344;354;13860;5900;0.37106;0
92873;1646293209.5258749;46421.825284957886;1;1;34869;40418;93862.04817331194;108799.11276689672;1;384;0.008271971161039804;1033.6696348777364;10;9240;6157;0.371492;0
92886;1646293216.3489816;46428.64839172363;1;1;34875;40424;93865.06039661521;108800.0344508322;1;385;0.008292293946438253;1036.2164373533149;7;7187;8466;0.371544;1
93155;1646293355.7852376;46568.08464765549;1;1;34979;40543;93873.11470130428;108805.21711126617;1;386;0.008288938721026687;1035.9078954430788;9;16170;5387;0.37262;0
93470;1646293508.418107;46720.71751713753;1;1;35101;40686;93883.06408473307;108821.01208944047;1;387;0.008283263198131436;1035.0914731999571;12;2053;6157;0.37388;1
93750;1646293662.0259979;46874.32540798187;1;1;35197;40802;93858.66666666667;108805.33333333333;1;388;0.008277452456604963;1034.6666666666667;9;7957;12058;0.375;1
94185;1646293883.6791003;47095.97851037979;1;1;35354;40992;93841.90688538515;108807.13489409142;1;389;0.008259728586258501;1032.5423368901631;13;1796;2565;0.37673999999999996;0
95549;1646294556.2559564;47768.55536651611;1;1;35873;41588;93860.21831730317;108813.27905053951;1;390;0.008164366642608889;1020.418842688045;6;10523;4361;0.382196;0
95813;1646294690.7490923;47903.04850244522;1;1;35970;41700;93854.69612683039;108805.69442559987;1;391;0.008162319773449101;1020.2164633191738;9;3850;5644;0.383252;0
96747;1646295161.0184379;48373.31784796715;1;1;36328;42112;93873.71184636216;108819.91172852906;1;392;0.00810364096240038;1012.9513059836481;8;3080;7696;0.386988;0
96983;1646295281.0800204;48493.379430532455;1;1;36418;42211;93877.27746099832;108810.30696101379;1;393;0.008104199060058884;1013.0641452625717;12;7957;4361;0.387932;0
97048;1646295315.429734;48527.729144096375;1;1;36443;42239;93878.80224218943;108809.5581567884;1;394;0.008119069384641336;1014.9616684527244;7;3593;3848;0.388192;1
97442;1646295515.4634585;48727.76286864281;1;1;36586;42415;93866.09470248969;108821.1448861887;1;395;0.008106261743737667;1013.4233697994705;5;7187;6157;0.389768;1
97607;1646295599.690653;48811.99006319046;1;1;36643;42491;93853.4121528169;108831.84607661336;1;396;0.008112760809123966;1014.2715174116611;6;6673;14367;0.390428;0
97654;1646295625.8910472;48838.190457344055;1;1;36661;42509;93854.32240358817;108825.54734061073;1;397;0.008128884307184666;1016.3434165523174;13;2823;4104;0.39061599999999996;1
97853;1646295722.2414007;48934.54081082344;1;1;36741;42596;93867.84258019683;108826.50506371802;1;398;0.008133314288952509;1016.8313695032344;3;3336;6157;0.391412;0
98271;1646295934.9823818;49147.28179192543;1;1;36894;42769;93857.8013859633;108803.71625403222;1;399;0.008118455089525481;1015.0502182739567;0;8983;7953;0.393084;0
98369;1646295978.9091363;49191.20854640007;1;1;36936;42815;93871.03660706116;108812.22742937307;1;400;0.008131534309076717;1016.5804267604632;2;8727;1282;0.393476;0
98676;1646296139.627193;49351.92660307884;1;1;37040;42947;93842.47436053347;108808.11950220924;1;401;0.008125316023123268;1015.9511938059914;12;4620;5644;0.394704;1
99207;1646296394.055154;49606.35456418991;1;1;37255;43182;93881.98413418408;108817.92615440443;1;402;0.008103800481444726;1013.0333545011946;5;1283;7440;0.39682799999999996;0
99227;1646296403.5628362;49615.86224627495;1;1;37262;43193;93880.69779394721;108823.70725709737;1;403;0.008122402428474501;1015.3486450260514;9;6160;9235;0.396908;0
99229;1646296404.4604492;49616.7598593235;1;1;37263;43195;93881.32501587238;108826.55272148263;1;404;0.008142409966822617;1017.8476050348185;9;5903;6670;0.396916;0
99490;1646296535.9964197;49748.29582977295;1;1;37360;43308;93878.78178711428;108825.00753844608;1;405;0.008140982384317553;1017.6902201226254;7;6160;7696;0.39796;1
99505;1646296544.8204205;49757.11983060837;1;1;37365;43314;93877.19210089945;108823.67720215065;1;406;0.008159636276821772;1020.0492437565952;8;4106;6926;0.39802;0
99668;1646296633.1486166;49845.448026657104;1;1;37423;43383;93869.14556327005;108818.77834410242;1;407;0.008165239076240992;1020.8893526508008;7;3850;12827;0.39867199999999997;1
100086;1646296855.0455003;50067.344910383224;1;1;37579;43560;93866.77457386648;108806.42647323302;1;408;0.008149024094053504;1019.1235537437805;11;14630;13597;0.400344;1
100370;1646296993.3149998;50205.61440992355;1;1;37683;43689;93860.21719637341;108819.86649397231;1;409;0.00814649924728653;1018.730696423234;9;5903;4361;0.40148;1
100415;1646297014.7730994;50227.07250952721;1;1;37699;43709;93857.98934422148;108820.89329283473;1;410;0.008162928466958335;1020.7638301050641;6;13090;4617;0.40165999999999996;0
100511;1646297061.1243455;50273.42375564575;1;1;37735;43754;93857.88620151028;108828.88440071236;1;411;0.008175293610351022;1022.2761687775469;5;9753;10262;0.40204399999999996;0
100520;1646297065.5746777;50277.874087810516;1;1;37740;43758;93861.91802626343;108829.0887385595;1;412;0.008194459441153783;1024.6717071229607;13;2566;4361;0.40208;1
100705;1646297165.292881;50377.592291116714;1;1;37803;43832;93845.88650017377;108812.86927163498;1;413;0.008198089293616876;1025.2718335733082;11;5646;7183;0.40281999999999996;0
100728;1646297175.5688543;50387.86826443672;1;1;37812;43843;93846.79532999762;108815.3244380907;1;414;0.00821626344316291;1027.5196568977842;10;14630;14367;0.402912;1
100967;1646297295.844237;50508.14364719391;1;1;37899;43947;93840.06655639962;108815.25646993572;1;415;0.00821649678710883;1027.563461328949;6;8727;16932;0.403868;0
101057;1646297338.5734093;50550.872819423676;1;1;37934;43984;93843.07865857882;108809.8795729143;1;416;0.00822933367512808;1029.1221785724888;7;7957;7183;0.404228;0
101443;1646297537.101188;50749.400598049164;1;1;38077;44149;93838.41171889633;108802.4802105616;1;417;0.00821684581661896;1027.6707116311625;7;3080;1026;0.40577199999999997;0
101929;1646297775.4612684;50987.76067852974;1;1;38249;44361;93812.85012116277;108803.67706933258;1;418;0.008198045853306402;1025.2234398453827;5;5390;1795;0.40771599999999997;0
101969;1646297796.4360116;51008.73542165756;1;1;38265;44380;93815.27719208779;108807.5787739411;1;419;0.008214279309933622;1027.2729947336936;6;10267;1795;0.40787599999999996;0
102690;1646298153.6166506;51365.91606068611;1;1;38535;44688;93813.90593047034;108793.45603271984;1;420;0.008176628243206882;1022.4948875255625;10;15144;11031;0.41075999999999996;1
103971;1646298767.8785675;51980.17797756195;1;1;39039;45247;93869.9252676227;108797.16459397331;1;421;0.00809924121809916;1012.3015071510325;11;16427;14367;0.415884;0
104132;1646298841.856367;52054.15577721596;1;1;39100;45320;93871.24034878808;108804.21004110167;1;422;0.00810694158226477;1013.1371720508587;10;10523;16676;0.41652799999999995;1
104701;1646299129.8001578;52342.09956789017;1;1;39315;45564;93874.46156197171;108795.52248784635;1;423;0.008081448843131504;1010.019006504236;11;6416;9749;0.41880399999999995;0
105129;1646299338.3686054;52550.66801548004;1;1;39490;45740;93908.43630206698;108771.12880366026;1;424;0.008068403619057722;1008.2850593080882;5;13347;5131;0.420516;0
105526;1646299536.8178833;52749.11729335785;1;1;39641;45910;93912.87455224305;108764.66463241287;1;425;0.00805700686205636;1006.8608684115763;9;15657;2822;0.422104;1
105716;1646299624.32048;52836.61989021301;1;1;39720;45993;93930.909228499;108765.46596541678;1;426;0.008062589940181024;1007.4160959552008;9;6160;6413;0.42286399999999996;1
106222;1646299881.4588146;53093.75822472572;1;1;39905;46210;93918.86803110466;108758.0727156333;1;427;0.008042376623494444;1004.9707216960705;10;11037;5387;0.424888;1
106677;1646300111.5240905;53323.82350063324;1;1;40075;46398;93916.68307132747;108734.77881830197;1;428;0.008026431187833282;1003.0278316788061;4;5133;16419;0.426708;0
107019;1646300287.1958652;53499.49527525902;1;1;40203;46544;93915.56639475233;108728.35664695055;1;429;0.008018767238695655;1002.158495220475;8;4876;11544;0.42807599999999996;0
107302;1646300431.766805;53644.0662150383;1;1;40310;46665;93917.16836592049;108723.50934744926;1;430;0.008015798024636991;1001.8452591750387;8;5133;8722;0.429208;1
107652;1646300594.0965111;53806.395921230316;1;1;40451;46822;93939.26726860624;108734.62638873408;1;431;0.008010200137376994;1000.9103407275295;7;12063;4874;0.430608;1
107842;1646300686.7066762;53899.00608634949;1;1;40530;46906;93956.89990912631;108737.78305298492;1;432;0.008014990096624597;1001.4651063593035;6;7187;7953;0.431368;1
107874;1646300705.5560603;53917.85547041893;1;1;40543;46919;93959.15605243154;108735.65455994957;1;433;0.008030734832129178;1003.4855479540946;9;2053;2565;0.431496;1
107989;1646300758.842525;53971.14193511009;1;1;40587;46970;93960.95898656345;108737.92701108447;1;434;0.00804133439536635;1004.7319634407208;9;15914;11544;0.431956;0
108044;1646300788.4543622;54000.75377225876;1;1;40612;46993;93970.97478804931;108735.79282514531;1;435;0.008055443111675008;1006.5343748843064;12;15914;6413;0.432176;1
108310;1646300925.479704;54137.77911400795;1;1;40708;47105;93961.77638260549;108727.26433385652;1;436;0.008053525784311063;1006.3706028990861;8;2310;4361;0.43323999999999996;1
108780;1646301163.0109384;54375.31034851074;1;1;40891;47313;93976.37433351719;108735.52123552124;1;437;0.008036735739053466;1004.32064717779;11;6930;5131;0.43512;1
108823;1646301184.465649;54396.76505899429;1;1;40910;47329;93982.88964649018;108729.3127371971;1;438;0.008051949404068072;1006.2211113459472;3;9240;2822;0.43529199999999996;0
109031;1646301289.0253687;54501.32477879524;1;1;40991;47420;93989.32413717199;108730.54452403446;1;439;0.008054850075328832;1006.5944547880879;10;2310;7696;0.43612399999999996;0
109088;1646301322.8030732;54535.10248327255;1;1;41008;47444;93979.17277794075;108728.7327662071;1;440;0.008068197912252212;1008.3602229392785;9;10010;7953;0.43635199999999996;1
110006;1646301768.2894251;54980.58883523941;1;1;41369;47837;94015.32643673981;108714.52466229115;1;441;0.008021012676338313;1002.2180608330456;9;13604;11031;0.44002399999999997;1
110100;1646301811.8912065;55024.190616607666;1;1;41409;47877;94025.8855585831;108712.53405994551;1;442;0.008032830561374826;1003.6330608537694;6;1540;10005;0.44039999999999996;1
110221;1646301868.7659566;55081.065366744995;1;1;41460;47932;94038.34115096035;108717.93941263462;1;443;0.008042691205233292;1004.79944838098;11;6416;769;0.440884;0
110389;1646301951.5270536;55163.82646369934;1;1;41522;48007;94035.63760881971;108722.33646468398;1;444;0.008048752750902352;1005.5349717816086;11;1283;15136;0.441556;0
110609;1646302066.7782395;55279.07764959335;1;1;41601;48102;94027.15873030224;108720.8093373957;1;445;0.008050061956908819;1005.7951884566355;6;5646;3848;0.442436;0
110904;1646302211.9317164;55424.23112654686;1;1;41718;48225;94040.79203635576;108708.8833585804;1;446;0.00804702186994123;1005.3740171680013;4;5133;4617;0.44361599999999995;1
111126;1646302322.4875848;55534.78699493408;1;1;41797;48321;94030.64989291436;108707.68317045516;1;447;0.00804900899396221;1005.6152475568275;8;12320;6157;0.44450399999999995;1
111262;1646302392.266431;55604.56584119797;1;1;41852;48379;94039.29463788176;108705.12843558447;1;448;0.008056892329299915;1006.6329923963258;5;11550;4104;0.445048;1
111462;1646302493.9737806;55706.27319073677;1;1;41930;48467;94045.50429742872;108707.451867004;1;449;0.008060133523250355;1007.0696739696041;11;5646;15649;0.44584799999999997;1
111477;1646302500.6781347;55712.977544784546;1;1;41937;48473;94048.5481310046;108706.28021923805;1;450;0.00807711272725049;1009.176780860626;-4;1796;1539;0.44590799999999997;0
112141;1646302820.83462;56033.13403010368;1;1;42185;48765;94044.55105625953;108713.5837918335;1;451;0.008048809116364993;1005.4306631829572;6;3336;4874;0.44856399999999996;0
112319;1646302898.2054913;56110.50490140915;1;1;42261;48849;94064.67294046421;108728.26503084964;1;452;0.0080555325744119;1006.0630881685202;10;3080;2308;0.44927599999999995;0
112369;1646302924.982077;56137.28148698807;1;1;42277;48871;94058.4146873248;108728.83090532086;1;453;0.008069503688114998;1007.8402406357626;11;12320;15393;0.449476;0
112600;1646303035.0669591;56247.36636924744;1;1;42365;48976;94060.83481349911;108738.89875666074;1;454;0.008071489019052436;1007.9928952042629;9;4876;14110;0.45039999999999997;1
112725;1646303096.5488596;56308.848269701004;1;1;42413;49031;94062.98514082945;108740.29718341096;1;455;0.008080435206571772;1009.09292526059;12;1283;1282;0.45089999999999997;0
112879;1646303176.7931867;56389.09259676933;1;1;42474;49089;94069.75611052543;108720.39972005422;1;456;0.008086670293859727;1009.9309880491501;9;6160;6157;0.451516;0
112895;1646303184.302002;56396.60141205788;1;1;42478;49098;94065.28189910979;108724.92138712964;1;457;0.008103325174879973;1012.0023030249347;4;6416;3591;0.45158;0
112992;1646303238.069161;56450.368571043015;1;1;42514;49141;94064.18153497593;108726.72401585952;1;458;0.00811332169467778;1013.3460775984141;7;2823;6926;0.451968;1
114113;1646303779.1662853;56991.465695381165;1;1;42949;49631;94093.1357514043;108732.13393741292;1;459;0.00805383743687784;1005.5821860787115;10;3850;15649;0.45645199999999997;0
114372;1646303907.239609;57119.53901910782;1;1;43046;49746;94092.08547546602;108737.2783548421;1;460;0.008053286281706847;1005.4908544049242;8;15914;3848;0.457488;1
114605;1646304021.227258;57233.52666807175;1;1;43135;49850;94094.93477596964;108743.07403690938;1;461;0.008054719442217653;1005.6280267004057;7;1540;5900;0.45842;0
114671;1646304056.4399772;57268.73938727379;1;1;43157;49880;94088.74083246854;108745.89041693191;1;462;0.008067228385730195;1007.2293779595539;10;1540;13597;0.458684;0
114705;1646304072.191669;57284.491079092026;1;1;43171;49897;94091.3648053703;108750.70833878209;1;463;0.008082466847104243;1009.1103264896909;12;3336;9235;0.45882;0
114741;1646304091.6965196;57303.99592971802;1;1;43182;49913;94085.81065181583;108751.44891538334;1;464;0.008097166567041588;1010.9725381511404;7;1540;11288;0.458964;0
114855;1646304153.1686046;57365.4680147171;1;1;43223;49961;94081.66819032693;108747.98659178965;1;465;0.00810592183926233;1012.1457489878543;7;6930;4874;0.45942;0
115058;1646304250.4453862;57462.74479627609;1;1;43293;50053;94067.77451372352;108756.01870361036;1;466;0.008109602171844033;1012.5328095395366;7;12320;13853;0.460232;1
115775;1646304605.5825193;57817.88192939758;1;1;43559;50361;94059.59835888576;108747.57071906715;1;467;0.00807708591902868;1008.4215072338588;7;13090;6926;0.46309999999999996;0
116423;1646304930.380099;58142.6795091629;1;1;43794;50644;94040.69642596394;108749.9892632899;1;468;0.008049164640343867;1004.9560653822698;10;4876;7953;0.465692;0
116450;1646304945.052496;58157.35190606117;1;1;43802;50657;94036.06698153714;108752.68355517389;1;469;0.008064328664027785;1006.8699012451697;5;1796;2308;0.4658;1
116528;1646304986.386127;58198.68553709984;1;1;43829;50691;94031.04833173144;108752.83193738844;1;470;0.008075783768353148;1008.3413428532199;9;5390;4617;0.46611199999999997;1
116654;1646305042.227791;58254.52720117569;1;1;43882;50746;94043.06753304644;108753.23606562999;1;471;0.008085208525913405;1009.3953057760557;7;8983;5900;0.466616;1
116710;1646305073.7338662;58286.033276319504;1;1;43902;50766;94040.78485134093;108743.89512466798;1;472;0.008097994896347913;1011.0530374432354;11;2310;4617;0.46684;1
117233;1646305348.3946128;58560.694022893906;1;1;44095;50983;94032.82352238704;108721.52039101618;1;473;0.008077090066847294;1008.6750317743298;0;3850;1795;0.46893199999999996;0
117236;1646305349.6268196;58561.92622971535;1;1;44097;50985;94034.6821795353;108723.00317308676;1;474;0.008093996057108588;1010.7816711590297;10;12063;13597;0.46894399999999997;1
117497;1646305482.2144485;58694.51385855675;1;1;44198;51097;94040.69891146157;108719.79710120258;1;475;0.008092749539499804;1010.6641020621804;10;2053;6670;0.46998799999999996;0
117518;1646305493.8682158;58706.16762590408;1;1;44207;51107;94043.04021511598;108721.64264197825;1;476;0.008108177032321986;1012.6108340849912;12;770;9235;0.470072;1
117567;1646305520.6772363;58732.97664642334;1;1;44228;51125;94048.5000042529;108714.6052888991;1;477;0.008121502216234904;1014.3152415218557;10;12320;13853;0.47026799999999996;0
117734;1646305610.1846693;58822.48407936096;1;1;44293;51198;94053.1197445088;108715.40931251805;1;478;0.008126144406875122;1014.9999150627687;9;11807;14880;0.47093599999999997;1
117876;1646305679.7655158;58892.06492590904;1;1;44346;51261;94052.2243713733;108718.0596559096;1;479;0.00813352360122914;1015.8980623706268;3;6160;4104;0.471504;1
118344;1646305910.556965;59122.85637521744;1;1;44518;51463;94043.63550327858;108714.84823903197;1;480;0.00811868758426905;1013.9931048468871;9;3850;12314;0.47337599999999996;1
118447;1646305965.9972577;59178.296667814255;1;1;44553;51508;94035.7290602548;108715.29038304051;1;481;0.00812797980144645;1015.2219980244329;11;15400;12827;0.473788;0
118521;1646306000.2319164;59212.531326532364;1;1;44578;51541;94029.75000210933;108717.02061238093;1;482;0.00814016879876274;1016.6974628968705;7;5133;13084;0.474084;0
119270;1646306384.5170705;59596.8164806366;1;1;44861;51862;94032.4473882787;108707.13507168609;1;483;0.008104459743364479;1012.4088203236355;9;15144;1282;0.47708;1
119702;1646306590.9531608;59803.25257086754;1;1;45035;52043;94056.49028420578;108692.83721241081;1;484;0.00809320528890054;1010.8435949274032;8;13090;4104;0.47880799999999996;1
119739;1646306612.2329712;59824.53238129616;1;1;45048;52057;94054.568686894;108688.48077902771;1;485;0.008107042056071847;1012.6191132379593;4;15400;13853;0.478956;0
119793;1646306634.799378;59847.098788022995;1;1;45069;52084;94055.99659412487;108695.83364637333;1;486;0.008120694400264923;1014.2495805264081;8;2053;3591;0.479172;0
120099;1646306785.472641;59997.77205109596;1;1;45189;52212;94066.14543002023;108685.33459895586;1;487;0.008116968069835254;1013.7469920648798;4;1283;1282;0.480396;0
120223;1646306846.8658192;60059.165229320526;1;1;45233;52268;94060.62067990318;108689.68500203788;1;488;0.008125321058604413;1014.7808655581711;10;10780;6157;0.480892;0
120449;1646306955.9205585;60168.21996855736;1;1;45322;52369;94068.85901916993;108695.38144774966;1;489;0.008127214005259606;1014.9523864872269;9;6416;9492;0.481796;0
120856;1646307162.0127802;60374.312190294266;1;1;45476;52541;94070.6295094989;108685.12941020718;1;490;0.00811603448923054;1013.6029655126763;6;6160;13597;0.48342399999999996;1
120883;1646307176.6091578;60388.908567905426;1;1;45486;52554;94070.29938039261;108687.73938436339;1;491;0.0081306321250679;1015.4446861841616;1;13347;1795;0.48353199999999996;0
121645;1646307569.7423372;60782.04174733162;1;1;45756;52879;94035.92420568047;108674.83250441859;1;492;0.008094496102076057;1011.1389699535534;9;7187;16419;0.48657999999999996;0
121724;1646307607.9209583;60820.220368385315;1;1;45787;52916;94038.56264992934;108680.29312214519;1;493;0.008105856851782538;1012.53655811508;-8;1796;4361;0.486896;1
121754;1646307623.3503854;60835.64979553223;1;1;45798;52929;94037.97821837476;108680.20763178212;1;494;0.008120238736009677;1014.3403912807793;9;7443;2565;0.487016;1
121879;1646307685.4962485;60897.79565858841;1;1;45847;52988;94042.04169709302;108689.76607947226;1;495;0.008128373032993193;1015.3512910345506;8;16427;12827;0.487516;0
121997;1646307742.824072;60955.12348198891;1;1;45894;53042;94047.39460806413;108695.29578596195;1;496;0.00813713387270159;1016.4184365189309;9;13347;2308;0.487988;0
122538;1646308009.1405506;61221.439960718155;1;1;46103;53267;94058.57774731104;108674.45200672444;1;497;0.008118071060054988;1013.9711762881719;7;8213;14110;0.490152;1
122633;1646308061.2238028;61273.5232129097;1;1;46137;53306;94055.02597180204;108669.77077948024;1;498;0.008127490862073957;1015.2242871005358;8;15657;7183;0.49053199999999997;0
122848;1646308166.3172846;61378.6166946888;1;1;46211;53405;94041.0100286533;108681.05300859599;1;499;0.008129867156865714;1015.4825475384215;7;5646;11031;0.491392;1
123182;1646308330.5943198;61542.893729925156;1;1;46335;53552;94037.68407721908;108684.71042847169;1;500;0.008124414854364829;1014.7586498027309;10;2566;7183;0.492728;1
123654;1646308566.317759;61778.61716914177;1;1;46511;53758;94034.56418716742;108686.3344493506;1;501;0.008109602042861003;1012.906982386336;7;2053;3591;0.494616;1
123785;1646308635.4827206;61847.78213071823;1;1;46563;53811;94040.06947529991;108678.35359696248;1;502;0.008116701726490354;1013.8546673668054;15;1026;5131;0.49513999999999997;0
124224;1646308849.730306;62062.02971601486;1;1;46723;54005;94029.73660484287;108684.71470891293;1;503;0.008104794546708208;1012.2842606903657;3;10523;3848;0.496896;1
124277;1646308876.6023738;62088.901783943176;1;1;46742;54030;94027.85712561455;108688.6551815702;1;504;0.008117392730730174;1013.8641904777231;7;6416;6926;0.497108;0
124350;1646308913.2488246;62125.54823470116;1;1;46771;54062;94030.96099718536;108689.18375552875;1;505;0.00812870090244008;1015.2794531564134;7;7443;12058;0.49739999999999995;1
124447;1646308959.852296;62172.15170621872;1;1;46805;54108;94025.97089524055;108696.87497488891;1;506;0.008138692101103327;1016.4969826512493;6;6160;7953;0.49778799999999995;0
124486;1646308976.0966341;62188.3960442543;1;1;46820;54126;94026.63753353791;108698.9701653198;1;507;0.008152646349637483;1018.1867840560384;9;4620;13084;0.497944;1
124489;1646308978.2434018;62190.542811870575;1;1;46822;54128;94028.38805034984;108700.36710070769;1;508;0.008168444542070082;1020.170456827511;10;5133;5900;0.49795599999999995;0
124490;1646308979.002392;62191.301802158356;1;1;46823;54129;94029.64093501486;108701.50212868504;1;509;0.008184424272372042;1022.1704554582698;5;3336;6670;0.49795999999999996;1
124697;1646309088.4652073;62300.764617443085;1;1;46904;54214;94035.94312613776;108691.46811871977;1;510;0.008186095357443001;1022.4784878545596;4;3593;6413;0.49878799999999995;0
124719;1646309099.8524876;62312.15189766884;1;1;46913;54224;94037.39606635718;108692.34038117688;1;511;0.0082006476174853;1024.3026323174497;1;3593;5387;0.498876;0
124961;1646309223.9301047;62436.229514837265;1;1;46999;54327;94027.33652899705;108687.91062811598;1;512;0.008200367062177081;1024.319587711366;1;8983;2308;0.49984399999999996;0
125397;1646309435.78715;62648.08656001091;1;1;47172;54513;94045.31208880595;108680.8296849207;1;513;0.008188598058914294;1022.7517404722603;2;6160;4104;0.5015879999999999;0
125722;1646309596.1259289;62808.425338983536;1;1;47302;54652;94060.7053658071;108676.28577337299;1;514;0.008183615450091115;1022.0963713590303;9;8727;15906;0.502888;1
125882;1646309670.30024;62882.59965014458;1;1;47369;54722;94074.21235760475;108677.17386123512;1;515;0.008189864968453415;1022.7832414483405;6;6160;1026;0.503528;1
125901;1646309677.9536433;62890.25305342674;1;1;47375;54732;94071.92953193383;108680.63001882432;1;516;0.008204769021387876;1024.6145781209048;10;9240;14110;0.5036039999999999;0
126016;1646309731.14145;62943.440860033035;1;1;47420;54787;94075.35551041138;108690.56310309801;1;517;0.008213723192375993;1025.6634078212292;9;5903;15136;0.504064;1
126092;1646309772.1736572;62984.47306728363;1;1;47448;54820;94074.16806776005;108690.47996700821;1;518;0.008224249164498728;1027.0278844018655;6;5133;5387;0.5043679999999999;1
126093;1646309772.200585;62984.49999499321;1;1;47449;54821;94075.40466163863;108691.60064396914;1;519;0.00824012257049364;1029.0024029882707;-7;5903;1795;0.5043719999999999;0
126323;1646309889.3536668;63101.65307688713;1;1;47537;54923;94078.27553177172;108695.56612810018;1;520;0.008240671593284545;1029.1079217561332;13;1283;5387;0.505292;0
127390;1646310438.649244;63650.948654174805;1;1;47926;55366;94053.69338252611;108654.52547295706;1;521;0.00818526685015602;1022.4507418164691;3;13604;6157;0.50956;1
127468;1646310474.0765588;63686.375968933105;1;1;47960;55400;94062.82361063169;108654.72118492484;1;522;0.008196415513651415;1023.7863620673425;13;6673;3848;0.509872;1
127644;1646310563.3595893;63775.658999443054;1;1;48029;55473;94068.2679953621;108647.88004136505;1;523;0.008200620867039057;1024.3333019961767;12;5646;9235;0.510576;1
127703;1646310591.9612432;63804.26065325737;1;1;48052;55500;94069.83391149777;108650.54070773591;1;524;0.008212617694101412;1025.8177176730383;8;7700;5644;0.5108119999999999;0
128161;1646310825.2769084;64037.576318502426;1;1;48216;55698;94053.57323990918;108648.4968126029;1;525;0.008198311525545843;1024.1024960791506;0;3336;1795;0.512644;0
128237;1646310862.4056616;64074.7050716877;1;1;48241;55734;94046.57002269237;108654.288543868;1;526;0.00820916771152522;1025.4450743545156;5;5903;3591;0.512948;0
128967;1646311223.8002505;64436.099660634995;1;1;48515;56037;94045.37594888615;108626.62541580404;1;527;0.008178645243513279;1021.5791636620221;23;1026;16676;0.515868;0
129312;1646311390.8843133;64603.18372344971;1;1;48640;56189;94036.12967087355;108630.67619401138;1;528;0.008172971819163552;1020.7869339272459;16;3593;769;0.5172479999999999;1
129485;1646311478.6709373;64690.97034740448;1;1;48705;56261;94035.98872456269;108624.55110630575;1;529;0.008177339080850941;1021.3538247673476;8;2310;3078;0.51794;0
129709;1646311595.5553916;64807.854801654816;1;1;48784;56356;94025.85788187404;108620.06491453947;1;530;0.008178021038068164;1021.5173966340038;12;2566;13084;0.518836;0
129752;1646311618.4692655;64830.76867556572;1;1;48801;56375;94027.45237067637;108620.67636722363;1;531;0.008190555362027202;1023.1056168691041;9;7187;11288;0.519008;1
129913;1646311690.1895554;64902.48896551132;1;1;48866;56445;94036.00871352367;108620.76928405934;1;532;0.0081969121443509;1023.7620561452665;8;6416;12571;0.519652;0
130083;1646311771.040496;64983.33990621567;1;1;48932;56522;94039.95910303421;108626.79981242745;1;533;0.008202102273740141;1024.345994480447;7;5903;4617;0.520332;0
130147;1646311802.5266545;65014.82606458664;1;1;48958;56551;94043.65832481733;108629.08864591578;1;534;0.008213511168506656;1025.7631754861811;7;14887;14367;0.5205879999999999;0
130752;1646312100.2522185;65312.55162858963;1;1;49191;56819;94054.01064610867;108638.87359275576;1;535;0.008191381084639961;1022.9289035731766;4;3080;3335;0.523008;1
131328;1646312387.0351496;65599.33455967903;1;1;49411;57067;94060.29178849903;108634.48769493177;1;536;0.008170814591303113;1020.3460038986354;10;2823;5900;0.525312;1
131545;1646312501.8850846;65714.18449473381;1;1;49491;57160;94057.16674902124;108632.02706298225;1;537;0.00817175171736376;1020.5633053327759;6;6673;3591;0.52618;0
131809;1646312647.5390737;65859.83848381042;1;1;49580;57273;94037.58468693336;108628.77345249566;1;538;0.008168863033762987;1020.4159048319918;5;1540;3335;0.5272359999999999;0
132661;1646313076.7750556;66289.07446575165;1;1;49904;57636;94044.21796910923;108615.19210619549;1;539;0.008131053334867048;1015.746903762221;12;4620;2308;0.530644;0
132794;1646313144.267069;66356.56647920609;1;1;49952;57694;94040.39339126767;108615.60010241426;1;540;0.008137853247262542;1016.6121963341718;6;1540;5900;0.531176;1
132849;1646313171.3524084;66383.65181851387;1;1;49973;57721;94040.9788556933;108621.44238947978;1;541;0.00814959685374102;1018.0731507199904;7;9240;13084;0.531396;0
133157;1646313336.9868467;66549.28625679016;1;1;50086;57853;94035.61209699827;108618.02233453743;1;542;0.008144339789139341;1017.5957704063625;11;9240;11544;0.532628;0
133294;1646313400.4495592;66612.74896931648;1;1;50142;57915;94043.99297792849;108622.66868726275;1;543;0.008151592726643358;1018.4254355034735;3;1796;4874;0.533176;1
133933;1646313709.2267065;66921.52611660957;1;1;50387;58193;94052.62332658867;108623.34152150703;1;544;0.008128924003497613;1015.433089679168;6;9497;10518;0.535732;0
134042;1646313764.773456;66977.0728662014;1;1;50433;58237;94061.93581116367;108617.07524507244;1;545;0.008137112845894807;1016.4724489339163;10;6673;9492;0.536168;1
134141;1646313816.828671;67029.1280810833;1;1;50469;58280;94059.60891897332;108617.05220626057;1;546;0.008145712403412421;1017.585972968742;6;14887;6670;0.5365639999999999;0
134157;1646313824.2601817;67036.55959177017;1;1;50475;58288;94059.57199400703;108619.00608987977;1;547;0.00815972662277187;1019.3281006581841;4;5133;15136;0.536628;0
134177;1646313834.3489587;67046.64836883545;1;1;50482;58298;94058.5942449153;108621.44778911438;1;548;0.008173413784763038;1021.0393733650328;5;15657;2052;0.536708;0
135387;1646314441.9712965;67654.2707066536;1;1;50937;58826;94058.1444304106;108625.643525597;1;549;0.008114787052844656;1013.7605530811672;5;13090;2308;0.541548;0
135521;1646314506.3239613;67718.62337136269;1;1;50993;58886;94068.44695656023;108628.92097903645;1;550;0.008121842598362503;1014.6029028711417;7;10267;5387;0.542084;0
135602;1646314547.9892035;67760.28861355782;1;1;51025;58920;94071.2526363918;108626.7164201118;1;551;0.008131606450828386;1015.8404743292872;2;8470;16932;0.542408;1
135999;1646314745.368849;67957.66825914383;1;1;51181;59094;94083.4123780322;108629.47521672954;1;552;0.008122703649793448;1014.713343480467;8;10267;8979;0.5439959999999999;0
136211;1646314852.562096;68064.86150622368;1;1;51262;59186;94085.64653368671;108629.25901725999;1;553;0.008124603323396686;1014.9694224401848;6;9240;6157;0.544844;0
136522;1646315012.594513;68224.8939230442;1;1;51378;59313;94083.73741961003;108614.3625203264;1;554;0.008120203171365817;1014.4885073468013;8;6673;769;0.546088;1
136660;1646315075.5513005;68287.85071063042;1;1;51432;59373;94087.51646421777;108614.444607054;1;555;0.008127360785622189;1015.2934289477536;14;5133;5387;0.54664;1
136746;1646315120.1930747;68332.49248480797;1;1;51466;59409;94090.50356134732;108611.95208634988;1;556;0.008136685488585284;1016.4831146797712;7;8983;4874;0.546984;1
137480;1646315498.3131647;68710.61257481575;1;1;51733;59719;94073.68344486471;108595.79575210939;1;557;0.008106462439022922;1012.8745999418098;7;6160;13084;0.54992;1
138406;1646315955.4448717;69167.7442817688;1;1;52077;60118;94065.64744302993;108589.94552259296;1;558;0.008067344190478066;1007.9042816062887;3;7957;4617;0.553624;1
138426;1646315966.2191987;69178.51860880852;1;1;52084;60127;94064.69882825481;108590.51045323856;1;559;0.008080543082471013;1009.5646771560256;11;3336;12571;0.553704;1
139177;1646316326.5050323;69538.8044424057;1;1;52370;60449;94070.85940924147;108582.95551707537;1;560;0.008053057634371759;1005.913333381234;9;11807;15649;0.556708;0
139247;1646316362.551279;69574.85068917274;1;1;52394;60478;94066.6585276523;108580.43620329343;1;561;0.00806325841080537;1007.203027713344;1;6930;2565;0.5569879999999999;0
139331;1646316404.507433;69616.80684304237;1;1;52426;60517;94067.3647644817;108584.9523795853;1;562;0.008072763251941183;1008.3900926570542;7;5903;4874;0.5573239999999999;0
139415;1646316452.7828007;69665.08221077919;1;1;52456;60551;94064.48373560951;108580.49707707205;1;563;0.008081523514126963;1009.5757271455727;5;5646;7696;0.5576599999999999;0
139495;1646316499.8336322;69712.13304233551;1;1;52481;60587;94055.34248539375;108582.74490125095;1;564;0.008090413754195244;1010.7889171654899;4;15657;5131;0.5579799999999999;0
139855;1646316672.69348;69884.99289011955;1;1;52621;60748;94063.49433341675;108591.04072074649;1;565;0.008084711418492261;1009.9746165671588;14;4620;12314;0.55942;0
139880;1646316686.2271762;69898.52658629417;1;1;52630;60759;94062.76808693165;108591.29253645982;1;566;0.008097452516416595;1011.5813554475264;10;8983;13340;0.55952;1
140635;1646317074.4613914;70286.76080155373;1;1;52898;61089;94034.20201230135;108594.94435951221;1;567;0.008066953058213292;1007.9283250968821;7;8983;7696;0.5625399999999999;0
140835;1646317179.4721758;70391.77158594131;1;1;52968;61183;94024.92278197891;108607.59044271665;1;568;0.008069124944618403;1008.2720914545391;7;4363;5900;0.56334;0
140899;1646317208.2225811;70420.5219912529;1;1;52995;61214;94030.12086672013;108613.2619819871;1;569;0.008080030989697532;1009.5884285906926;11;15914;2565;0.563596;0
141012;1646317265.56081;70477.86022019386;1;1;53036;61263;94027.4586560009;108613.09675772274;1;570;0.008087646222787553;1010.5522934218365;7;3336;13084;0.564048;1
141120;1646317319.2071257;70531.50653576851;1;1;53077;61310;94028.1320861678;108613.23696145124;1;571;0.008095672814112227;1011.5504535147393;4;4106;5387;0.56448;1
141392;1646317447.1680222;70659.46743226051;1;1;53188;61428;94043.51024103203;108612.93425370601;1;572;0.008095164325266989;1011.372637773;8;5646;6670;0.565568;1
141628;1646317572.7974913;70785.09690141678;1;1;53274;61530;94038.60818482221;108611.99762758777;1;573;0.008094924286082756;1011.4525376338012;4;12833;5900;0.566512;1
142207;1646317872.9572031;71085.25661325455;1;1;53487;61790;94030.18135534819;108626.86084369967;1;574;0.008074810830646591;1009.0923794187347;5;1796;4874;0.568828;0
142241;1646317885.2638903;71097.56330037117;1;1;53501;61806;94032.3113588909;108629.01695010581;1;575;0.008087478294730787;1010.6087555627421;9;14374;15906;0.568964;0
142340;1646317939.7034059;71152.00281596184;1;1;53536;61843;94028.38274553885;108618.44878460026;1;576;0.00809534485613641;1011.6622172263594;7;1026;11288;0.56936;1
142737;1646318141.9314275;71354.23083758354;1;1;53683;62008;94024.32445686823;108605.33708849142;1;577;0.008086416085310584;1010.5999145281181;5;3336;4874;0.570948;0
143279;1646318404.5219707;71616.82138085365;1;1;53897;62243;94042.04384452711;108604.54079104404;1;578;0.008070729597537333;1008.5218350211825;6;2310;4104;0.573116;0
143749;1646318639.809746;71852.10915613174;1;1;54081;62442;94054.5673361206;108595.53805591691;1;579;0.008058218565885886;1006.9635267027945;9;2566;2822;0.574996;0
144517;1646319012.2943578;72224.5937678814;1;1;54379;62767;94070.24779091733;108580.65141125265;1;580;0.008030505534777112;1003.3421673574735;5;7957;5900;0.578068;0
145491;1646319510.5634222;72722.86283230782;1;1;54742;63189;94064.23765043885;108578.8811679073;1;581;0.007989234435664782;998.34354015025;0;10010;5644;0.5819639999999999;0
145699;1646319615.5983906;72827.89780068398;1;1;54818;63283;94060.35731199253;108585.16530655666;1;582;0.007991443081232726;998.634170447292;7;11550;6926;0.582796;0
